{"type":"FeatureCollection","features":[{"type":"Feature","id":"M2M:gap:0","properties":{"id":"M2M:gap:0","cp":"M2M","status":"not_started","sourceId":"arcgis_progress"},"geometry":{"type":"LineString","coordinates":[[-120.488562270452,37.3008367945883],[-120.488288296459,37.3007362774714],[-120.488014318724,37.3006357669374],[-120.487740332779,37.3005352711012],[-120.487466333035,37.3004347989815],[-120.487192317278,37.3003343577842],[-120.486918277663,37.3002339574368],[-120.486644211961,37.3001336024465],[-120.486370115726,37.3000333045259],[-120.48609598334,37.299933068196],[-120.485821809217,37.2998329033748],[-120.485547591149,37.2997328181676],[-120.485273323538,37.2996328206933],[-120.484999001913,37.2995329181666],[-120.483133981384,37.298857197831],[-120.481266266059,37.2981862432776],[-120.480991070233,37.2980878940841],[-120.480715822648,37.2979896416222],[-120.48044052663,37.2978914759822],[-120.480165185527,37.2977933908532],[-120.479889804917,37.2976953754171],[-120.479614390421,37.297597425153],[-120.479338943098,37.297499529261],[-120.479063471945,37.2974016814076],[-120.478787978035,37.2973038725921],[-120.478512466969,37.297206095595],[-120.478236943215,37.2971083423019],[-120.477961412369,37.2970106045937],[-120.477685876634,37.2969128734655],[-120.472671197946,37.2951335367208],[-120.472601402416,37.2951089298135],[-120.47253160805,37.2950843210614],[-120.472461814842,37.2950597095651],[-120.472392023917,37.2950350944205],[-120.472322236386,37.2950104729243],[-120.472252452245,37.294985844177],[-120.472182672622,37.2949612081741],[-120.472112898626,37.2949365613129],[-120.472043131386,37.2949119035887],[-120.47197337089,37.2948872332024],[-120.471903619387,37.2948625483461],[-120.471833874611,37.294837848129],[-120.471764139946,37.2948131316381],[-120.471694416511,37.2947883970699],[-120.471624702029,37.2947636417345],[-120.471555001024,37.2947388665136],[-120.471485311216,37.2947140678179],[-120.471415634868,37.294689246538],[-120.471345973087,37.2946643990712],[-120.471276327005,37.294639525413],[-120.471206694344,37.2946146228736],[-120.471137079628,37.2945896923348],[-120.471067482836,37.2945647301982],[-120.470997903968,37.2945397364639],[-120.470928343005,37.2945147084331],[-120.470858802203,37.2944896451974],[-120.470789281562,37.2944645467568],[-120.470719782193,37.2944394104081],[-120.470650306352,37.2944142352428],[-120.470580852891,37.2943890185668],[-120.47051142294,37.2943637603755],[-120.470442017618,37.2943384588654],[-120.470372638049,37.2943131131325],[-120.470303285351,37.2942877213732],[-120.470233959514,37.2942622817883],[-120.47016466166,37.2942367934739],[-120.470095392915,37.294211255526],[-120.470026153273,37.294185667045],[-120.469956944971,37.2941600244238],[-120.469887768009,37.2941343276623],[-120.469818623506,37.2941085749571],[-120.46974951259,37.2940827663037],[-120.469680435246,37.2940568990034],[-120.469611393722,37.2940309712482],[-120.469542388023,37.2940049839377],[-120.469473418128,37.2939789334738],[-120.469404486289,37.2939528189478],[-120.469335594766,37.2939266403511],[-120.469266741284,37.2939003949938],[-120.469197928091,37.293874081068],[-120.469129157445,37.2938476985647],[-120.469060428207,37.2938212456894],[-120.468991743759,37.2937947215291],[-120.468923102955,37.2937681233897],[-120.468854506932,37.2937414521663],[-120.468785956795,37.2937147042564],[-120.4687174548,37.2936878787513],[-120.468649000951,37.2936609765509],[-120.468580596351,37.2936339931528],[-120.468512242134,37.2936069294523],[-120.468443938285,37.2935797827507],[-120.468375687062,37.2935525530392],[-120.468307489579,37.2935252376146],[-120.468239345842,37.2934978373767],[-120.468171256951,37.2934703478232],[-120.468103225179,37.2934427707445],[-120.468035249372,37.2934151025467],[-120.467967334056,37.2933873441119],[-120.467899476949,37.2933594918506],[-120.467831680315,37.2933315466535],[-120.467763946398,37.2933035058133],[-120.467696274057,37.2932753675353],[-120.467628711982,37.2932471505201],[-120.467351562489,37.2931293955214],[-120.467075534287,37.293009972108],[-120.466800642111,37.2928888865271],[-120.466526902975,37.2927661477159],[-120.466254331602,37.2926417601226],[-120.465982943874,37.2925157326891],[-120.465712754532,37.2923880725625],[-120.465443780565,37.2922587850823],[-120.465176036728,37.2921278800945],[-120.46490953662,37.2919953629519],[-120.464644298382,37.2918612425881],[-120.464380334497,37.2917255270591],[-120.464117660823,37.2915882217092],[-120.46385629212,37.2914493372846],[-120.46359624425,37.2913088800292],[-120.463337531955,37.2911668579908],[-120.463080168849,37.2910232792213],[-120.462824170808,37.290878152664],[-120.462569551444,37.2907314863709],[-120.4623163255,37.29058328839],[-120.46206450772,37.290433567669],[-120.461814111712,37.2902823313608],[-120.46156515336,37.2901295902078],[-120.46131764514,37.2899753513677],[-120.461071601796,37.2898196237882],[-120.460827036944,37.2896624164216],[-120.460583966462,37.2895037391113],[-120.4603424017,37.2893435999187],[-120.460102357401,37.2891820077921],[-120.45986384719,37.2890189734831],[-120.459626884667,37.2888545041453],[-120.459391483462,37.28868861143],[-120.45933463345,37.2886479706921],[-120.459277875627,37.2886072486069],[-120.45922120887,37.2885664460782],[-120.459164632049,37.2885255631107],[-120.459108145174,37.2884846015035],[-120.459051744875,37.2884435639688],[-120.458995431145,37.288402449607],[-120.458939202871,37.2883612611212],[-120.458883060058,37.2883199994113],[-120.458826999325,37.28827866539],[-120.458771020675,37.288237259957],[-120.458715122997,37.2881957858155],[-120.45865930516,37.28815424297],[-120.458603566041,37.2881126323245],[-120.458547903397,37.2880709565866],[-120.458492318357,37.2880292157521],[-120.458436806415,37.2879874116376],[-120.458381368699,37.2879455442389],[-120.458326005227,37.2879036162548],[-120.458270710356,37.2878616286068],[-120.458215487469,37.2878195803823],[-120.458160333205,37.2877774760924],[-120.458105247565,37.2877353157372],[-120.458050226029,37.2876930993342],[-120.457995270874,37.2876508295736],[-120.457940379835,37.2876085055644],[-120.45788555067,37.2875661300142],[-120.457830783388,37.2875237047224],[-120.457776075732,37.2874812296977],[-120.457721427712,37.2874387067393],[-120.457666835935,37.2873961349607],[-120.457612301551,37.2873535179561],[-120.457557823436,37.2873108566294],[-120.457503395949,37.287268151902],[-120.457449023607,37.2872254037566],[-120.457394701904,37.2871826140099],[-120.457340428585,37.28713978357],[-120.457286204798,37.2870969151316],[-120.457232029406,37.2870540077995],[-120.457177897908,37.2870110642897],[-120.457123812557,37.2869680836942],[-120.457069769988,37.2869250696243],[-120.457015770188,37.2868820202809],[-120.456961809792,37.2868389392755],[-120.456907888805,37.2867958275076],[-120.456854007226,37.2867526849774],[-120.456800160544,37.2867095126017],[-120.456746351028,37.2866663121712],[-120.4566925753,37.286623085498],[-120.456638831102,37.2865798325909],[-120.456585119573,37.2865365552448],[-120.456531437321,37.286493252573],[-120.456477783243,37.286449929078],[-120.456424157327,37.2864065829606],[-120.456370556202,37.2863632169325],[-120.456316981002,37.286319831889],[-120.45626342834,37.2862764278432],[-120.456209898225,37.2862330065943],[-120.456156387276,37.2861895690548],[-120.456102896632,37.2861461170197],[-120.456049424034,37.2861026504977],[-120.455995968364,37.2860591712921],[-120.45594252511,37.28601568032],[-120.455889097659,37.2859721775684],[-120.455835682645,37.2859286666487],[-120.455782278938,37.285885147565],[-120.455728884274,37.2858416194267],[-120.455675497541,37.2857980849367],[-120.455622117613,37.2857545449989],[-120.455568744502,37.2857110014127],[-120.455515374825,37.2856674550904],[-120.455462008581,37.2856239060321],[-120.455408682067,37.2855803792879],[-120.44567825447,37.277676457051],[-120.43594988385,37.2697717235392],[-120.426223568654,37.261866181558],[-120.416499309565,37.2539598303059],[-120.406777106143,37.2460526698849],[-120.397056957954,37.2381447012968],[-120.387338863428,37.2302359246472],[-120.377622823259,37.2223263409336],[-120.377540273545,37.2222593397582],[-120.377457727362,37.2221923385139],[-120.377375183569,37.2221253345053],[-120.377292644428,37.2220583286251],[-120.377210111048,37.2219913172713],[-120.377127583431,37.2219243004437],[-120.377045066086,37.2218572772286],[-120.376962556746,37.2217902458339],[-120.376880059926,37.2217232062454],[-120.376797574488,37.2216561566674],[-120.376715103814,37.2215890961896],[-120.376632647902,37.2215220248121],[-120.376550208994,37.2214549389293],[-120.376467787092,37.2213878394409],[-120.376385385574,37.221320724537],[-120.376303005568,37.2212535942141],[-120.376220647056,37.2211864448738],[-120.376138312304,37.2211192783082],[-120.376056001303,37.2210520927182],[-120.375973717426,37.2209848853943],[-120.375891461805,37.2209176572326],[-120.375809235555,37.2208504055308],[-120.375727038681,37.2207831311885],[-120.375644873426,37.2207158315],[-120.375562743172,37.2206485055549],[-120.375480645661,37.2205811533604],[-120.375398585399,37.2205137731032],[-120.375316562372,37.2204463620846],[-120.375234578846,37.2203789220967],[-120.375152634813,37.2203114513404],[-120.375070732519,37.2202439480093],[-120.37498887309,37.2201764112006],[-120.374907057644,37.2201088391115],[-120.374825289572,37.220041232631],[-120.374743568865,37.21997358996],[-120.37466189551,37.2199059083999],[-120.374580272896,37.2198381888396],[-120.374498702143,37.2197704294764],[-120.37441718325,37.2197026303106],[-120.374335719591,37.2196347886327],[-120.374254312293,37.2195669044393],[-120.374172961348,37.2194989759314],[-120.374091670137,37.2194310021987],[-120.374010438664,37.219362984141],[-120.373929268035,37.2192949172569],[-120.37384816052,37.2192268042383],[-120.373767117231,37.2191586414831],[-120.373686140419,37.2190904280851],[-120.373605231219,37.2190221649402],[-120.373524389615,37.2189538493499],[-120.37344361899,37.218885480404],[-120.373362921596,37.218817057196],[-120.373282295171,37.2187485788336],[-120.373201744225,37.218680044403],[-120.373121268757,37.2186114539046],[-120.373040871008,37.2185428037328],[-120.372960553238,37.2184740947805],[-120.372880315448,37.2184053270477],[-120.372800159875,37.2183364969292],[-120.372720086526,37.2182676053247],[-120.372640098781,37.2181986513242],[-120.372560197754,37.2181296322255],[-120.37248038458,37.2180605489248],[-120.372400661501,37.2179913987164],[-120.372321028517,37.2179221816006],[-120.372241489014,37.2178528975669],[-120.372162042979,37.2177835439166],[-120.37208269154,37.2177141206465],[-120.372003438077,37.2176446268466],[-120.371924283715,37.2175750616138],[-120.371845228441,37.2175054222497],[-120.371766275644,37.2174357096433],[-120.371687446857,37.2173659426196],[-120.371336215341,37.2170520334146],[-120.370987096381,37.2167366223115],[-120.370640100169,37.2164197173934],[-120.370295236893,37.2161013267433],[-120.369952516756,37.2157814611432],[-120.369611948823,37.2154601295792],[-120.369273543284,37.2151373410339],[-120.368937310333,37.2148131044901],[-120.368603259035,37.2144874298334],[-120.368271399578,37.2141603251469],[-120.367941741035,37.2138318021156],[-120.367614292458,37.2135018679264],[-120.36728906405,37.2131705342606],[-120.366966064861,37.2128378083052],[-120.366645303963,37.212503701745],[-120.366326790416,37.212168223566],[-120.366010534405,37.2118313827508],[-120.365696543864,37.2114931891883],[-120.365384827858,37.2111536536638],[-120.365075396568,37.21081278426],[-120.364768257935,37.2104705926651],[-120.36446341988,37.2101270869688],[-120.364160892595,37.2097822779526],[-120.363860685143,37.2094361764014],[-120.363562804317,37.2090887904083],[-120.36326726031,37.2087401316543],[-120.362974061048,37.2083902091284],[-120.362683214461,37.2080390336188],[-120.362394729602,37.2076866141109],[-120.362108614406,37.2073329622926],[-120.361824876794,37.2069780871525],[-120.36154352583,37.2066220003749],[-120.361264568301,37.2062647100523],[-120.36098801327,37.2059062278685],[-120.360713867536,37.2055465646149],[-120.360442140146,37.2051857292765],[-120.360172839029,37.2048237326409],[-120.359905970983,37.204460585499],[-120.359641543934,37.2040962986384],[-120.359379565808,37.2037308828464],[-120.359120043393,37.2033643471144],[-120.358862984614,37.2029967022298],[-120.358608397404,37.2026279607789],[-120.358356288546,37.2022581308532],[-120.358106663715,37.2018872250458],[-120.357859533082,37.2015152523376],[-120.357614901192,37.2011422253247],[-120.357372777087,37.2007681529911],[-120.357133165309,37.2003930470333],[-120.356896074906,37.2000169182343],[-120.35666151267,37.1996397773838],[-120.356429483136,37.1992616352784],[-120.356199994224,37.1988825027043],[-120.355973053853,37.1985023904473],[-120.355748666557,37.1981213093038],[-120.355526839134,37.197739271862],[-120.355307578364,37.197356287112],[-120.355090889913,37.1969723667455],[-120.354876781697,37.1965875215484],[-120.354665257128,37.1962017641185],[-120.354456325242,37.1958151034385],[-120.35424998945,37.1954275521063],[-120.354046256538,37.1950391209102],[-120.353845133293,37.1946498206386],[-120.353646624248,37.194259662986],[-120.353450736189,37.1938686587402],[-120.353257473645,37.1934768186959],[-120.353066842284,37.193084156343],[-120.352878847755,37.1926906806734],[-120.352693495717,37.1922964033773],[-120.352510790706,37.191901337048],[-120.352330738373,37.1915054915766],[-120.35215334438,37.1911088795525],[-120.351978614382,37.1907115117662],[-120.351806550653,37.1903133999173],[-120.351637161105,37.1899145556886],[-120.351470448009,37.1895149898802],[-120.351306418148,37.1891147141778],[-120.351145074924,37.1887137402774],[-120.350986423988,37.1883120789682],[-120.350830468749,37.187909743745],[-120.350677214853,37.1875067444972],[-120.350526665699,37.18710309292],[-120.350378825819,37.1866988016047],[-120.350233699736,37.1862938813432],[-120.350091290846,37.1858883438302],[-120.349951604808,37.1854822016533],[-120.349814643883,37.1850754647107],[-120.349680412605,37.1846681464927],[-120.349548914371,37.1842602586933],[-120.349420153696,37.1838518112038],[-120.349294133987,37.183442817517],[-120.349170858638,37.1830332893266],[-120.349050331042,37.1826232374262],[-120.348932554594,37.182212673509],[-120.348817532697,37.1818016110673],[-120.348705269867,37.1813900599914],[-120.34859576725,37.1809780337796],[-120.348489029366,37.1805655432217],[-120.348385058484,37.1801526009127],[-120.348283857994,37.1797392176453],[-120.348185430168,37.1793254060142],[-120.348089779529,37.1789111786075],[-120.347996906084,37.1784965462272],[-120.347906814359,37.1780815214609],[-120.347819506613,37.1776661151034],[-120.347734985121,37.1772503406485],[-120.347653252147,37.1768342097901],[-120.347574308824,37.176417733326],[-120.347498160807,37.1760009247393],[-120.347424806974,37.1755837948338],[-120.347354249597,37.1751663571021],[-120.347286493187,37.1747486214317],[-120.347221537761,37.1743306013214],[-120.347159384453,37.1739123084673],[-120.347100036657,37.1734937545588],[-120.347043495514,37.1730749530907],[-120.346989761025,37.1726559139629],[-120.346938837716,37.1722366506599],[-120.346890724464,37.1718171739838],[-120.346845423538,37.1713974974258],[-120.346802937202,37.1709776326771],[-120.346763264336,37.1705575914389],[-120.346726408332,37.1701373862988],[-120.346692368071,37.1697170289575],[-120.346661145815,37.1692965311057],[-120.346632742703,37.1688759053368],[-120.346607158745,37.1684551642473],[-120.346602015256,37.1683611965377],[-120.346597011602,37.1682672248196],[-120.346592144391,37.1681732473039],[-120.346587410251,37.1680792666992],[-120.346582811429,37.1679852811997],[-120.346578342287,37.1678912908219],[-120.346574001703,37.1677972973683],[-120.346569789678,37.167703300839],[-120.346565701696,37.1676093003473],[-120.34656173776,37.1675152967931],[-120.346557895612,37.1674212892833],[-120.34655417187,37.1673272787273],[-120.346550566535,37.1672332651252],[-120.346547076228,37.1671392493865],[-120.346543699816,37.1670452306148],[-120.346540435047,37.1669512097164],[-120.346537280785,37.1668571848953],[-120.346534233663,37.1667631597598],[-120.346531293669,37.1666691316112],[-120.346528456294,37.1665751013621],[-120.346525721539,37.1664810690126],[-120.346523087156,37.1663870363685],[-120.346520552001,37.1662929998347],[-120.346518111575,37.166198962123],[-120.346515767009,37.16610492413],[-120.346513513784,37.1660108840694],[-120.346511350771,37.1659168419446],[-120.346509279107,37.1658227995516],[-120.346507292017,37.1657287551108],[-120.346505390637,37.1656347104182],[-120.346503570446,37.1655406636877],[-120.346501832577,37.1654466158157],[-120.346500174782,37.1653525686079],[-120.346498592537,37.1652585193786],[-120.346497085847,37.1651644690275],[-120.346495652461,37.1650704184608],[-120.346494290121,37.164976367685],[-120.346492997697,37.1648823158038],[-120.346491771809,37.1647882637268],[-120.346490612453,37.1646942105542],[-120.346489516249,37.1646001571956],[-120.346488482067,37.1645061027546],[-120.346487506529,37.1644120490404],[-120.346486590757,37.1643179942504],[-120.346485729111,37.164223938401],[-120.346484922726,37.1641298832883],[-120.346484168217,37.1640358280223],[-120.34648346445,37.1639417717069],[-120.346482806923,37.1638477161545],[-120.346482196759,37.1637536604619],[-120.346481630572,37.1636596037397],[-120.346481107237,37.1635655468906],[-120.346480624499,37.1634714899213],[-120.346480180102,37.1633774328382],[-120.346479771796,37.1632833765476],[-120.346479399571,37.1631893192503],[-120.346479058922,37.163095261859],[-120.346478748724,37.1630012052767],[-120.34647846897,37.162907147704],[-120.346478215156,37.1628130909535],[-120.346477986146,37.162719033229],[-120.346477780818,37.1626249754336],[-120.346477596916,37.1625309175739],[-120.346477432188,37.1624368605559],[-120.346477284375,37.1623428034867],[-120.346477152346,37.16224874547],[-120.346477033852,37.1621546883115],[-120.346476926631,37.1620606302185],[-120.346476829563,37.1619665729937],[-120.346476739261,37.1618725157472],[-120.346476655725,37.1617784584792],[-120.346476575568,37.1616844002996],[-120.346476500046,37.1615903690934],[-120.34634505771,37.1144788989156],[-120.346345082322,37.1144224639176],[-120.34634510581,37.1143660298218],[-120.346345124791,37.1143095957384],[-120.346345138133,37.1142531607711],[-120.346345143591,37.1141967267256],[-120.346345140029,37.1141402918061],[-120.346345125198,37.1140838569187],[-120.346345096848,37.1140274229697],[-120.346345052717,37.1139709881662],[-120.346344991687,37.113914554311],[-120.346344911495,37.1138581196113],[-120.346344811018,37.11380168497],[-120.346344686876,37.1137452503969],[-120.34634453907,37.1136888158922],[-120.346344364222,37.1136323823652],[-120.34634416007,37.1135759480233],[-120.346343926622,37.1135195146657],[-120.346343660487,37.1134630796035],[-120.346343359422,37.113406645542],[-120.346343023423,37.1133502115816],[-120.346342647982,37.1132937777355],[-120.346342233105,37.1132373449033],[-120.346341775405,37.1131809121953],[-120.34634127488,37.1131244787118],[-120.346340729279,37.1130680453591],[-120.346340136353,37.1130116130432],[-120.346339491595,37.1129551817773],[-120.346338797245,37.1128987488561],[-120.346338048813,37.1128423178911],[-120.346337246291,37.1127858870832],[-120.346336386303,37.1127294573417],[-120.346335466586,37.112673026874],[-120.346334486026,37.1126165983823],[-120.346333443488,37.1125601700705],[-120.346332335595,37.1125037428483],[-120.346331161218,37.1124473158192],[-120.346329919236,37.1123908907857],[-120.346328605131,37.1123344650622],[-120.346327218919,37.1122780422471],[-120.346325759461,37.1122216196449],[-120.346324223385,37.1121651990646],[-120.346322610682,37.1121087787071],[-120.346320915731,37.1120523612875],[-120.346319139646,37.1119959441038],[-120.34631728131,37.1119395289584],[-120.346315335091,37.1118831167675],[-120.346313303235,37.1118267057251],[-120.34631118124,37.1117702967441],[-120.346308967979,37.1117138898277],[-120.346306661202,37.1116574858822],[-120.346304259778,37.1116010840111],[-120.346301760331,37.111544685124],[-120.346299163984,37.111488288318],[-120.346296463984,37.1114318954119],[-120.346293663713,37.111375506396],[-120.346290758654,37.1113191194841],[-120.346287746562,37.1112627364821],[-120.346284625184,37.1112063573964],[-120.346281394524,37.1111499831268],[-120.34627805232,37.1110936118804],[-120.34627459407,37.1110372445702],[-120.346271022035,37.1109808829887],[-120.34626732945,37.1109245262561],[-120.346263519697,37.1108681743624],[-120.34625958714,37.1108118273241],[-120.34625553179,37.1107554869404],[-120.346251350256,37.1106991514219],[-120.346247041421,37.1106428225712],[-120.346242604158,37.1105865003914],[-120.346238035087,37.1105301848926],[-120.346233334208,37.1104738760745],[-120.346228497018,37.1104175748499],[-120.346223524838,37.110361323498],[-120.346191280692,37.1100386627692],[-120.346154482307,37.1097163139619],[-120.346113134436,37.1093943184413],[-120.346067242968,37.1090727193682],[-120.346016811519,37.1087515554114],[-120.345961849357,37.1084308697209],[-120.345902362354,37.1081107018575],[-120.345838358647,37.1077910940737],[-120.34576984636,37.1074720859229],[-120.345696832499,37.1071537187603],[-120.345619329699,37.1068360330248],[-120.345537344963,37.1065190700707],[-120.345450890925,37.1062028703359],[-120.34535997796,37.1058874733647],[-120.345264617578,37.1055729204971],[-120.345164822407,37.1052592512698],[-120.34506060395,37.1049465061222],[-120.344951978217,37.1046347254801],[-120.344838956704,37.1043239479827],[-120.344721554292,37.1040142140583],[-120.344599786989,37.1037055641313],[-120.344473670794,37.1033980368267],[-120.344343220578,37.1030916707721],[-120.344208453477,37.1027865072872],[-120.344069386606,37.1024825831934],[-120.343926038218,37.1021799380068],[-120.343778426564,37.1018786112437],[-120.343626571014,37.101578640617],[-120.343470489813,37.1012800647427],[-120.343310204585,37.1009829222262],[-120.343145734693,37.10068724988],[-120.342977101759,37.1003930863093],[-120.342804326277,37.1001004701217],[-120.342627432105,37.0998094363166],[-120.342446440865,37.0995200243978],[-120.342261376416,37.0992322702635],[-120.34207226262,37.0989462107116],[-120.34187912221,37.0986618825428],[-120.341681980169,37.0983793216515],[-120.341480863733,37.0980985648249],[-120.341275796755,37.0978196479602],[-120.341066806466,37.0975426069446],[-120.340853918961,37.0972674758693],[-120.340637162596,37.0969942906177],[-120.34041656347,37.0967230870798],[-120.340192151049,37.0964538984368],[-120.339963953686,37.0961867605718],[-120.339731999716,37.095921706669],[-120.339496320856,37.0956587699027],[-120.339256945452,37.0953979861556],[-120.339013905208,37.0951393868026],[-120.338767231837,37.0948830050177],[-120.338516954793,37.0946288739815],[-120.338263106914,37.0943770268645],[-120.338005722149,37.0941274950349],[-120.337744832202,37.0938803107671],[-120.337480469893,37.0936355054323],[-120.337212670297,37.0933931103954],[-120.33694146736,37.0931531570248],[-120.336666895018,37.0929156748891],[-120.336388988345,37.0926806962533],[-120.336107784645,37.0924482488773],[-120.335823318986,37.0922183641263],[-120.335535626419,37.0919910706668],[-120.335244745376,37.0917663971554],[-120.334950712037,37.0915443731552],[-120.33465356483,37.0913250273233],[-120.334353342174,37.0911083865177],[-120.334050081367,37.0908944793988],[-120.333743820827,37.0906833337246],[-120.333434601215,37.0904749745481],[-120.333122460951,37.0902694305269],[-120.332807440686,37.0900667258148],[-120.332489579964,37.0898668890669],[-120.332168920557,37.0896699435345],[-120.331845501994,37.0894759151742],[-120.331519367177,37.0892848290341],[-120.331190556753,37.0890967092688],[-120.33085911249,37.0889115800304],[-120.330525077282,37.0887294654679],[-120.330188495143,37.0885503879284],[-120.329849406703,37.0883743697685],[-120.329507857109,37.0882014360319],[-120.329163889232,37.0880316063705],[-120.328817547077,37.087864903133],[-120.328468874645,37.0877013477682],[-120.328117917063,37.0875409617227],[-120.327764719447,37.0873837646439],[-120.327409326919,37.0872297770794],[-120.327051783461,37.0870790177809],[-120.326692136447,37.0869315081903],[-120.326330432105,37.0867872652548],[-120.325966714415,37.0866463077274],[-120.325601031858,37.0865086534497],[-120.325233430665,37.0863743211695],[-120.324863958181,37.0862433269331],[-120.324492660629,37.0861156885898],[-120.324119586477,37.085991421284],[-120.323744783063,37.0858705410638],[-120.323368298853,37.0857530630747],[-120.322990180061,37.0856390042683],[-120.32261047739,37.0855283770863],[-120.322229237047,37.0854211966821],[-120.321846509731,37.0853174754985],[-120.321462343902,37.085217228684],[-120.321076788004,37.0851204686886],[-120.320689892727,37.0850272061576],[-120.320301705392,37.0849374544449],[-120.31991227669,37.0848512250966],[-120.31952165731,37.08476852876],[-120.319129895685,37.0846893760887],[-120.3187370425,37.0846137777311],[-120.318343147303,37.0845417416402],[-120.317948261905,37.0844732784628],[-120.317552435855,37.0844083970527],[-120.317155719825,37.084347105362],[-120.316758163357,37.0842894104467],[-120.316359819376,37.0842353211537],[-120.315960738543,37.0841848427381],[-120.3155609704,37.0841379831574],[-120.315160566732,37.084094747665],[-120.314759578199,37.0840551424178],[-120.314358057705,37.084019170868],[-120.313956054783,37.0839868391769],[-120.313553621212,37.0839581517007],[-120.31315080876,37.0839331100979],[-120.31274766921,37.0839117196258],[-120.312344253201,37.0838939819471],[-120.3122738868,37.0838914105673],[-120.31220351409,37.0838889471191],[-120.312133136201,37.083886592499],[-120.312062753118,37.0838843431088],[-120.311992363721,37.0838822007504],[-120.311921971372,37.083880160917],[-120.311851572686,37.0838782227176],[-120.311781171043,37.0838763861436],[-120.311710764174,37.0838746476021],[-120.311640354333,37.0838730070874],[-120.311569941508,37.0838714619005],[-120.311499525695,37.0838700111418],[-120.311429106891,37.0838686539117],[-120.31135868396,37.0838673884138],[-120.311288260271,37.0838662119404],[-120.311217833575,37.083865125397],[-120.311147404975,37.0838641233829],[-120.311076974479,37.0838632076973],[-120.311006543206,37.0838623765381],[-120.310936108891,37.0838616272123],[-120.310865674906,37.0838609579116],[-120.310795238998,37.0838603686421],[-120.310724802282,37.0838598567019],[-120.310654364754,37.0838594211913],[-120.310583927534,37.0838590603082],[-120.31051348949,37.0838587731558],[-120.310443049481,37.0838585561387],[-120.310372609764,37.0838584101504],[-120.310302170328,37.0838583324922],[-120.310231731165,37.0838583213648],[-120.310161292274,37.0838583767682],[-120.310090852515,37.0838584951068],[-120.310020413017,37.0838586772773],[-120.309949974891,37.0838589196782],[-120.309879535882,37.0838592214158],[-120.309809097108,37.0838595806879],[-120.309738660818,37.083859996589],[-120.309668223625,37.0838604673286],[-120.309597786652,37.0838609920043],[-120.309527351011,37.0838615670144],[-120.309456915582,37.0838621941612],[-120.309386481469,37.0838628680441],[-120.309316047553,37.0838635904651],[-120.309245613823,37.0838643587255],[-120.309175181395,37.0838651701234],[-120.309104750268,37.0838660246587],[-120.309034319308,37.0838669205353],[-120.308963890761,37.0838678559478],[-120.308893461244,37.0838688300056],[-120.308823032998,37.0838698400039],[-120.30875260489,37.0838708841463],[-120.308682178046,37.0838719624299],[-120.308611752458,37.0838730730554],[-120.308541328115,37.0838742133241],[-120.308470903895,37.0838753841383],[-120.308400478649,37.0838765801033],[-120.308330056893,37.0838778039063],[-120.308259634108,37.0838790519605],[-120.308189211405,37.0838803206643],[-120.308118792174,37.0838816127079],[-120.308048370768,37.0838829245075],[-120.307977950559,37.083884254255],[-120.307907530414,37.083885600154],[-120.307837112581,37.0838869612991],[-120.307766693674,37.0838883358998],[-120.307696274816,37.0838897230536],[-120.307625857125,37.0838911209582],[-120.307555439469,37.0838925278173],[-120.307485021842,37.0838939427314],[-120.307414605362,37.0838953629985],[-120.307344187774,37.0838967886246],[-120.307273770195,37.0838982169077],[-120.307203407839,37.0838996522033],[-120.293281117108,37.0841526310251],[-120.292550096581,37.0841563689317],[-120.269408481042,37.0842723663201],[-120.245796298157,37.0843859954085],[-120.24562489717,37.0843867567945],[-120.245453495068,37.0843875224336],[-120.245282094121,37.0843882977188],[-120.245110693217,37.0843890871506],[-120.244939292376,37.0843898970265],[-120.244767890484,37.0843907309473],[-120.244596489813,37.0843915952057],[-120.244425089249,37.0843924934027],[-120.244253689934,37.0843934309336],[-120.244082289634,37.084394413201],[-120.243910890619,37.0843954455979],[-120.243739491772,37.0843965317253],[-120.243568093115,37.0843976778804],[-120.243396695784,37.0843988876596],[-120.243225299799,37.0844001673603],[-120.243053904049,37.0844015214829],[-120.242882509673,37.0844029545233],[-120.242711115564,37.0844044727812],[-120.242539723986,37.0844060798506],[-120.242368332701,37.0844077802341],[-120.242196942857,37.0844095811266],[-120.242025554462,37.084411485227],[-120.241854170915,37.0844134988257],[-120.240535583136,37.0844331686075],[-120.239217180131,37.0844595946876],[-120.237899016061,37.0844927759804],[-120.236581145077,37.0845327111226],[-120.236409889899,37.0845384429011],[-120.236238640671,37.0845442841764],[-120.236067397377,37.0845502304503],[-120.235896158871,37.0845562754277],[-120.235724926263,37.0845624146082],[-120.235553698411,37.0845686425962],[-120.235382474173,37.0845749548959],[-120.235211255787,37.0845813470047],[-120.235040040984,37.0845878135292],[-120.23486883087,37.0845943481699],[-120.234697624306,37.0846009473304],[-120.234526421282,37.0846076074122],[-120.234355221771,37.0846143203187],[-120.234184025765,37.0846210833511],[-120.234012832117,37.084627890214],[-120.233841639691,37.0846347373112],[-120.233670450718,37.0846416183409],[-120.233499262935,37.084648529709],[-120.233328077446,37.0846554642162],[-120.233156893118,37.0846624200655],[-120.232985708804,37.084669390062],[-120.232814525614,37.0846763697054],[-120.232643343534,37.0846833535979],[-120.216891088326,37.0853206727217],[-120.216754922405,37.0853262625489],[-120.216618755332,37.0853318504227],[-120.216482587094,37.085337431845],[-120.216346417693,37.0853430068158],[-120.216210250493,37.0853485708306],[-120.216074079855,37.085354121201],[-120.215937909153,37.0853596561214],[-120.215801737252,37.0853651719954],[-120.215665564147,37.0853706679233],[-120.215529388699,37.0853761385095],[-120.215393213161,37.0853815846494],[-120.21525703414,37.0853870009513],[-120.215120855012,37.0853923865096],[-120.214984671262,37.0853977377338],[-120.214848487391,37.0854030528165],[-120.214712300006,37.0854083272657],[-120.214576110238,37.0854135619789],[-120.214439919193,37.0854187506567],[-120.214303724619,37.0854238924036],[-120.214167526506,37.0854289845205],[-120.214031325977,37.0854340252062],[-120.213895120767,37.0854390099666],[-120.213758913125,37.085443937898],[-120.213622703045,37.0854488063015],[-120.213486489388,37.085453610681],[-120.213350272152,37.0854583501367],[-120.213214050203,37.0854630219719],[-120.213077825786,37.0854676234835],[-120.212941595516,37.0854721519788],[-120.212805362758,37.0854766029534],[-120.212669127517,37.085480977307],[-120.212532886401,37.0854852705475],[-120.21239664053,37.0854894808736],[-120.212260392147,37.0854936037832],[-120.212124138996,37.0854976383805],[-120.211987882195,37.085501581065],[-120.211851620611,37.0855054300394],[-120.211715354238,37.085509182605],[-120.211579084196,37.0855128360606],[-120.211442810474,37.0855163868078],[-120.211306531948,37.0855198348486],[-120.211170249726,37.0855231738836],[-120.211033962685,37.0855264048143],[-120.210897678699,37.0855295231286],[-120.210085861084,37.0855451758432],[-120.209273937256,37.0855567523397],[-120.208461937761,37.0855642525626],[-120.207649896526,37.0855676764511],[-120.206837844097,37.0855670239515],[-120.206025812145,37.0855622941092],[-120.2052138346,37.0855534886654],[-120.204401940881,37.0855406066712],[-120.20359016379,37.0855236489717],[-120.202778536128,37.0855026164133],[-120.201967089571,37.0854775098449],[-120.201155854667,37.0854483301182],[-120.200344864218,37.0854150780819],[-120.199534151027,37.0853777554854],[-120.198723745646,37.0853363640825],[-120.197913679747,37.0852909047265],[-120.197103986136,37.0852413791692],[-120.196294697618,37.0851877909626],[-120.195485843611,37.0851301400665],[-120.194677456924,37.0850684300347],[-120.193869569231,37.0850026626242],[-120.193062213338,37.0849328413904],[-120.192255419793,37.084858968094],[-120.191449220272,37.0847810453942],[-120.190643647582,37.0846990777486],[-120.189838732273,37.08461306782],[-120.189034506019,37.0845230182701],[-120.188231001624,37.0844289326594],[-120.187428249639,37.0843308154524],[-120.186626281742,37.0842286711126],[-120.185825129604,37.0841225014055],[-120.185024824907,37.0840123125956],[-120.184225399323,37.0838981082492],[-120.183426882275,37.0837798928366],[-120.182629308818,37.0836576708204],[-120.181832707248,37.0835314475737],[-120.181037109239,37.0834012275658],[-120.180242547591,37.0832670161646],[-120.179449051723,37.0831288178446],[-120.17865665444,37.0829866397744],[-120.177865386285,37.0828404864284],[-120.17707527893,37.0826903631792],[-120.176286361794,37.0825362763037],[-120.17549866655,37.0823782320758],[-120.174712224868,37.0822162367704],[-120.173927067291,37.0820502957653],[-120.17314322549,37.081880417136],[-120.172360727756,37.0817066071646],[-120.171579608006,37.0815288712261],[-120.170799894533,37.081347218303],[-120.170021619003,37.0811616546748],[-120.169244811953,37.0809721866232],[-120.168469505053,37.0807788231281],[-120.16769572546,37.0805815713771],[-120.166923507093,37.0803804394487],[-120.166152879361,37.0801754345288],[-120.165383870547,37.0799665647053],[-120.164616513439,37.0797538380604],[-120.16385083632,37.079537263583],[-120.163086870849,37.0793168493583],[-120.162324646434,37.079092604375],[-120.16156419248,37.0788645376224],[-120.160805539518,37.0786326580891],[-120.16004871695,37.0783969738661],[-120.159293754179,37.0781574948443],[-120.158540681733,37.0779142300144],[-120.157789529016,37.0776671901681],[-120.157040325424,37.0774163842989],[-120.156293100355,37.0771618214007],[-120.155547882084,37.0769035131685],[-120.154804702257,37.0766414685945],[-120.154063588017,37.0763756984767],[-120.153324568758,37.0761062127114],[-120.152587673874,37.0758330220946],[-120.151852932756,37.0755561374235],[-120.151120374796,37.0752755703951],[-120.150390026003,37.0749913309123],[-120.149661918018,37.0747034306704],[-120.148936077976,37.0744118804717],[-120.148212534136,37.074116692017],[-120.14749131701,37.0738178779044],[-120.146772451473,37.073515448041],[-120.146055969163,37.0732094159244],[-120.145341894953,37.072899792362],[-120.144630260477,37.0725865908527],[-120.143921090605,37.072269822205],[-120.143214414715,37.0719494999214],[-120.142510259931,37.071625636608],[-120.141808654497,37.0712982439703],[-120.141109625537,37.0709673364148],[-120.140413200166,37.0706329256493],[-120.139719406628,37.0702950251801],[-120.139028270914,37.0699536485167],[-120.138339821262,37.0696088091662],[-120.137654084785,37.0692605197381],[-120.13697108747,37.0689087955423],[-120.136290856425,37.0685536491891],[-120.135613418756,37.0681950941887],[-120.134938800448,37.067833146752],[-120.134267027475,37.0674678185921],[-120.133598128071,37.067099125918],[-120.132932127081,37.0667270813446],[-120.132269050484,37.0663517019839],[-120.131608925375,37.0659730004489],[-120.130951776601,37.065590992954],[-120.130297631255,37.0652056930124],[-120.129646513056,37.0648171177402],[-120.128998449093,37.0644252806513],[-120.12835346308,37.0640301979626],[-120.127711582108,37.0636318858878],[-120.127072831007,37.0632303579441],[-120.126437234614,37.0628256321475],[-120.125804817762,37.0624177238152],[-120.125175605278,37.0620066482647],[-120.124549620865,37.0615924217147],[-120.123926890476,37.0611750603816],[-120.123307437813,37.0607545822838],[-120.122691287696,37.0603310018401],[-120.12207846382,37.0599043361698],[-120.121468989882,37.0594746032919],[-120.120862890698,37.0590418185256],[-120.120260189959,37.0586059998904],[-120.119660910229,37.0581671645075],[-120.119065075193,37.0577253285973],[-120.118472708538,37.0572805101798],[-120.117883833947,37.0568327272754],[-120.117298473974,37.056381996106],[-120.116716652304,37.0559283364915],[-120.116619390023,37.055851814175],[-120.116522225785,37.0557752125129],[-120.11642515734,37.0556985333068],[-120.116328183562,37.0556217774578],[-120.116231302205,37.0555449476671],[-120.116134508764,37.0554680448391],[-120.116037803245,37.055391071673],[-120.115941182272,37.0553140299713],[-120.115844644723,37.0552369224345],[-120.115748188346,37.0551597490649],[-120.115651810894,37.0550825134634],[-120.115555507865,37.0550052165343],[-120.115459280388,37.0549278609755],[-120.115363122837,37.054850448592],[-120.115267036338,37.0547729802826],[-120.115171016392,37.0546954596502],[-120.115075060748,37.0546178857976],[-120.114979168285,37.054540264124],[-120.1148833345,37.0544625937341],[-120.114787561647,37.0543848764251],[-120.114691842975,37.0543071167022],[-120.114596178487,37.0542293145651],[-120.114500563678,37.0541514709182],[-120.114404999679,37.054073589359],[-120.114309480865,37.0539956716924],[-120.114214007235,37.053917718818],[-120.114118576543,37.0538397334371],[-120.114023184283,37.0537617155542],[-120.113927829336,37.0536836696684],[-120.113832509451,37.0536055957822],[-120.11373722238,37.0535274965968],[-120.113641964748,37.0534493748142],[-120.11354673768,37.0533712295339],[-120.113451534424,37.0532930634613],[-120.113356356113,37.0532148810936],[-120.11326119824,37.053136680636],[-120.113166059685,37.0530584665876],[-120.113070935945,37.0529802389528],[-120.11297582815,37.0529020004296],[-120.112880731798,37.0528237528215],[-120.11278564464,37.05274549793],[-120.112690565552,37.0526672375554],[-120.112595490034,37.0525889735014],[-120.112500422595,37.0525107102618],[-120.095925467193,37.0388846818572],[-120.079356533003,37.0252563094971]]}},{"type":"Feature","id":"CP1:gap:0","properties":{"id":"CP1:gap:0","cp":"CP1","status":"no_data","sourceId":"arcgis_progress"},"geometry":{"type":"LineString","coordinates":[[-120.079356533003,37.0252563094971],[-120.07453832116958,37.021291812156655]]}},{"type":"Feature","id":"CP1:175","properties":{"id":"CP1:175","cp":"CP1","status":"under_construction","sourceId":"arcgis_progress"},"geometry":{"type":"LineString","coordinates":[[-120.07453832116958,37.021291812156655],[-120.045341604472,36.9972552937603],[-120.045218739499,36.9971540971976],[-120.045095873729,36.9970529014049],[-120.04497300379,36.9969517099821],[-120.044850121806,36.9968505265309],[-120.04472722328,36.9967493573505],[-120.044604295841,36.9966482096426],[-120.044481330491,36.9965470924072],[-120.044358317109,36.996446012845],[-120.044235244449,36.9963449808565],[-120.044112101261,36.9962440027431],[-120.043988878551,36.9961430875046],[-120.04386556957,36.996042240541],[-120.04374216757,36.9959414672526],[-120.043618670303,36.9958407694391],[-120.043034400044,36.9953664790376],[-120.04303439738628,36.99536647689669]]}},{"type":"Feature","id":"CP1:193","properties":{"id":"CP1:193","cp":"CP1","status":"under_construction","sourceId":"arcgis_progress"},"geometry":{"type":"LineString","coordinates":[[-120.04303439738628,36.99536647689669],[-120.042391976382,36.9948489719768],[-120.04174695952,36.9943335347277],[-120.041621905378,36.9942340822629],[-120.041496757093,36.9941347061674],[-120.041371518039,36.9940354037405],[-120.041246192716,36.993936171382],[-120.041120790121,36.9938370018911],[-120.04099531925,36.9937378889669],[-120.040869789101,36.9936388236096],[-120.040744212045,36.9935397968182],[-120.04061859708,36.9934408013921],[-120.040492956576,36.9933418274309],[-120.040367296156,36.9932428677354],[-120.040241627067,36.9931439178033],[-120.040115952683,36.9930449713359],[-120.039990276378,36.9929460256331],[-120.039864601525,36.9928470797941],[-120.039738928125,36.9927481329192],[-120.039613259551,36.9926491814088],[-120.039487602553,36.9925502216618],[-120.039361963876,36.992451246479],[-120.039236353644,36.9923522486598],[-120.039110779729,36.9922532210043],[-120.038985255626,36.9921541536121],[-120.038859789207,36.9920550374843],[-120.038734392846,36.9919558663193],[-120.038609075537,36.9918566302182],[-120.038483842905,36.9917573255808],[-120.038358702822,36.9916579452077],[-120.038233658663,36.9915584890979],[-120.037298482708,36.990809720873],[-120.036368815898,36.9900565860447],[-120.036245332387,36.9899558839939],[-120.036121945926,36.9898551062112],[-120.035998652013,36.9897542544976],[-120.035875446153,36.9896533342527],[-120.035752320472,36.9895523517767],[-120.035629264848,36.9894513142701],[-120.035506269159,36.9893502289334],[-120.035383323283,36.9892491056661],[-120.035260415974,36.9891479516688],[-120.035137537109,36.989046776841],[-120.035014676567,36.9889455865837],[-120.034891827599,36.9888443871963],[-120.034768984583,36.9887431849784],[-120.034646141894,36.9886419808311],[-120.033036298878,36.987315660453],[-120.032955331917,36.987248951865],[-120.032874366224,36.9871822432202],[-120.032793400673,36.9871155345189],[-120.032712436389,36.9870488257608],[-120.032631473372,36.9869821151466],[-120.032550511623,36.9869154035759],[-120.032469552265,36.9868486901488],[-120.032388597548,36.9867819730654],[-120.032307646347,36.9867152532256],[-120.032226702038,36.9866485288292],[-120.032145764619,36.9865817989766],[-120.032064835214,36.9865150618682],[-120.031983916074,36.9864483175033],[-120.031903009448,36.9863815640821],[-120.031822115336,36.9863147998053],[-120.031741237111,36.9862480237723],[-120.031660375899,36.9861812341836],[-120.031579535073,36.9861144292391],[-120.031498714634,36.986047608039],[-120.03141791908,36.9859807687828],[-120.03133714841,36.9859139078722],[-120.031256407124,36.9858470262054],[-120.031175697472,36.9857801201835],[-120.031095019452,36.9857131880071],[-120.031014378689,36.9856462278756],[-120.030933777431,36.9855792370893],[-120.030853215679,36.9855122156485],[-120.030772699056,36.9854451599531],[-120.030692228686,36.985378067304],[-120.030611807945,36.9853109377002],[-120.030531440205,36.9852437675425],[-120.030451126592,36.9851765550315],[-120.030370870478,36.9851092983669],[-120.030290674114,36.985041995749],[-120.030210541999,36.9849746444778],[-120.030130475257,36.9849072436536],[-120.030050476137,36.9848397896772],[-120.029970548014,36.9847722825479],[-120.029890693136,36.9847047195663],[-120.0298787427332,36.98469459032856]]}},{"type":"Feature","id":"CP1:187","properties":{"id":"CP1:187","cp":"CP1","status":"structure_complete","sourceId":"cvsr"},"geometry":{"type":"LineString","coordinates":[[-120.0298787427332,36.98469459032856],[-120.029810914879,36.9846370989324],[-120.029731214366,36.9845694188467],[-120.029651594971,36.9845016775093],[-120.029572057819,36.9844338740204],[-120.02949260516,36.9843660065803],[-120.029413240368,36.9842980733889],[-120.029333964567,36.9842300735465],[-120.029254780007,36.9841620052535],[-120.029175687812,36.9840938685096],[-120.029096690232,36.9840256606157],[-120.029017788391,36.9839573806719],[-120.02893898454,36.9838890295774],[-120.028860278677,36.9838206046337],[-120.028781673052,36.9837521058402],[-120.028703168791,36.9836835331969],[-120.028624765892,36.9836148849048],[-120.02854646548,36.9835461618633],[-120.028468268682,36.9834773631728],[-120.028390175496,36.9834084888333],[-120.028312185922,36.9833395388453],[-120.027980735307,36.9830446157348],[-120.027651194538,36.9827483279477],[-120.027323572383,36.9824506833875],[-120.02699787756,36.9821516899942],[-120.026674118733,36.9818513557433],[-120.026352304518,36.9815496886465],[-120.02625658610795,36.98145901867156]]}},{"type":"Feature","id":"CP1:181","properties":{"id":"CP1:181","cp":"CP1","status":"under_construction","sourceId":"arcgis_progress"},"geometry":{"type":"LineString","coordinates":[[-120.02625658610795,36.98145901867156],[-120.026032443474,36.9812466967504],[-120.025714544111,36.9809423881373],[-120.025398614886,36.9806367709242],[-120.025084664201,36.9803298532631],[-120.024772700407,36.9800216433405],[-120.024462731802,36.9797121493774],[-120.024154766628,36.9794013796287],[-120.023848813076,36.9790893423834],[-120.023544879281,36.9787760459643],[-120.023242973325,36.9784614987274],[-120.023172462537,36.9783875497966],[-120.023102063231,36.9783135324267],[-120.023031775408,36.9782394466177],[-120.022961599067,36.97816529237],[-120.02289153421,36.978091071483],[-120.022821578586,36.9780167839573],[-120.022751732194,36.9779424297932],[-120.022681995036,36.9778680107901],[-120.022612365986,36.9777935260488],[-120.02254284167,36.9777189782691],[-120.022473423213,36.977644367451],[-120.02240410724,36.9775696944949],[-120.022334893751,36.9774949612004],[-120.022265780498,36.9774201684676],[-120.022196765229,36.9773453171969],[-120.022127845697,36.9772704100877],[-120.022059019651,36.9771954462411],[-120.021990284841,36.9771204283566],[-120.021921640144,36.9770453582339],[-120.021853082185,36.976970237673],[-120.021784608714,36.9768950666745],[-120.021716217482,36.9768198488376],[-120.02164790399,36.9767445841633],[-120.021579667113,36.9766692753508],[-120.021511503477,36.9765939233007],[-120.021443410833,36.9765185307123],[-120.021375385806,36.9764430993858],[-120.021307425022,36.9763676293218],[-120.021239525107,36.9762921250193],[-120.021171684936,36.9762165855791],[-120.021103900011,36.9761410146006],[-120.021036168082,36.9760654138837],[-120.02096848465,36.9759897834292],[-120.02090084859,36.9759141268361],[-120.020833256528,36.9758384459043],[-120.02076570509,36.9757627406345],[-120.020698190902,36.9756870137263],[-120.02063071284,36.9756112669794],[-120.020563266403,36.9755355012942],[-120.020495849344,36.9754597193701],[-120.020428459411,36.9753839212076],[-120.020361094357,36.9753081095061],[-120.020293750806,36.9752322851658],[-120.020226427635,36.9751564499864],[-120.020159121469,36.975080604868],[-120.020091830058,36.9750047507108],[-120.020024553403,36.9749288884144],[-120.019957287005,36.9748530206786],[-120.019890030864,36.9747771466037],[-120.01982278273,36.9747012688891],[-120.019755540354,36.9746253866356],[-120.019688303736,36.9745495016425],[-120.019621071752,36.9744736148096],[-120.019553842151,36.9743977261373],[-120.019486614935,36.9743218356255],[-120.019419388977,36.974245945074],[-120.019352164279,36.9741700535828],[-120.019284939716,36.974094162052],[-120.019217715287,36.9740182704815],[-119.997295764092,36.9492597625386],[-119.99722858255,36.949183857978],[-119.997161402267,36.9491079533777],[-119.997094222118,36.9490320478381],[-119.997027043228,36.9489561431584],[-119.996959865597,36.9488802366398],[-119.996892689225,36.9488043291818],[-119.996825516361,36.9487284207845],[-119.99675834813,36.9486525096487],[-119.996691184531,36.9485765948746],[-119.996624027813,36.948500677362],[-119.996556879101,36.948424754412],[-119.996489740645,36.9483488260246],[-119.996422612442,36.9482728921999],[-119.996355498993,36.948196950239],[-119.996288400297,36.9481209992423],[-119.996221318602,36.9480450383101],[-119.996154257283,36.947969066543],[-119.996087217463,36.9478930821418],[-119.996020202517,36.9478170842068],[-119.995953213568,36.9477410709388],[-119.995886255114,36.9476650405388],[-119.995819329405,36.9475889921071],[-119.99575243869,36.9475129229449],[-119.995685586341,36.9474368330524],[-119.995618774608,36.9473607197308],[-119.995552006864,36.9472845820805],[-119.995485285358,36.9472084174027],[-119.995418614588,36.947132224798],[-119.995351996803,36.9470560024673],[-119.995285434251,36.9469797477117],[-119.995218932556,36.9469034605315],[-119.995152491716,36.9468271391275],[-119.99508611623,36.9467507799013],[-119.995019810596,36.9466743828533],[-119.994953574813,36.9465979461842],[-119.994887414504,36.946521468095],[-119.994821330793,36.9464449467865],[-119.994755328179,36.9463683804599],[-119.994689407784,36.9462917682155],[-119.99463402838887,36.94622728250222]]}},{"type":"Feature","id":"CP1:174","properties":{"id":"CP1:174","cp":"CP1","status":"structure_complete","sourceId":"cvsr"},"geometry":{"type":"LineString","coordinates":[[-119.99463402838887,36.94622728250222],[-119.994623574107,36.946215109154],[-119.994557828273,36.9461384005767],[-119.994492174779,36.9460616415842],[-119.994426613625,36.945984831277],[-119.994361149309,36.9459079678561],[-119.994295784079,36.9458310504222],[-119.99423051906,36.9457540780758],[-119.994165357625,36.9456770499175],[-119.994100300899,36.9455999641482],[-119.994035351129,36.9455228207683],[-119.993970508317,36.9454456179785],[-119.993905776959,36.945368356679],[-119.993841157056,36.9452910350705],[-119.993776649732,36.9452136531533],[-119.99371225611,36.9451362091284],[-119.993647977316,36.9450587047952],[-119.993583814473,36.9449811383547],[-119.993519767582,36.9449035098072],[-119.99345583889,36.9448258191528],[-119.99339202615,36.9447480663916],[-119.993115919799,36.9444092081442],[-119.99284204368,36.9440691937881],[-119.992570405328,36.9437280327148],[-119.99236109125643,36.943462072763296]]}},{"type":"Feature","id":"CP1:186","properties":{"id":"CP1:186","cp":"CP1","status":"not_started","sourceId":"arcgis_progress"},"geometry":{"type":"LineString","coordinates":[[-119.99236109125643,36.943462072763296],[-119.992301012216,36.9433857343473],[-119.992033871755,36.9430423081399],[-119.991768991292,36.9426977635781],[-119.991506378112,36.942352110178],[-119.991246039439,36.9420053574861],[-119.990987982431,36.9416575150794],[-119.990732214184,36.9413085925646],[-119.99047874173,36.9409585995783],[-119.990227572039,36.9406075457864],[-119.989978712015,36.9402554408841],[-119.989732168499,36.9399022945954],[-119.989487948266,36.9395481166728],[-119.989246058031,36.9391929168975],[-119.989006504439,36.9388367050785],[-119.988769294073,36.9384794910526],[-119.988534433451,36.9381212846845],[-119.988301929026,36.9377620958655],[-119.988071787184,36.9374019345147],[-119.987844014247,36.9370408105773],[-119.987618616471,36.9366787340252],[-119.987395600046,36.9363157148564],[-119.987174971097,36.9359517630948],[-119.98695673568,36.93558688879],[-119.986740899787,36.9352211020167],[-119.986527469344,36.9348544128748],[-119.986316450208,36.9344868314892],[-119.986107848172,36.9341183680088],[-119.985901668959,36.9337490326071],[-119.985697918226,36.9333788354814],[-119.985496601565,36.9330077868526],[-119.985297724497,36.9326358969651],[-119.985101292477,36.9322631760861],[-119.984907310893,36.931889634506],[-119.984715785064,36.9315152825374],[-119.984526720242,36.9311401305151],[-119.984340121608,36.9307641887961],[-119.984155994279,36.9303874677588],[-119.9839743433,36.9300099778032],[-119.98379517365,36.9296317293501],[-119.983618490236,36.9292527328413],[-119.983444297901,36.928872998739],[-119.983272601414,36.9284925375256],[-119.983103405478,36.9281113597035],[-119.982936714725,36.9277294757946],[-119.982772533719,36.9273468963403],[-119.982610866955,36.9269636319009],[-119.982451718856,36.9265796930555],[-119.982295093777,36.9261950904016],[-119.982140996004,36.925809834555],[-119.98198942975,36.9254239361493],[-119.98184039916,36.9250374058356],[-119.981693908311,36.9246502542824],[-119.981549961204,36.9242624921752],[-119.981408561776,36.923874130216],[-119.98137328559457,36.923775312328495]]}},{"type":"Feature","id":"CP1:196","properties":{"id":"CP1:196","cp":"CP1","status":"under_construction","sourceId":"arcgis_progress"},"geometry":{"type":"LineString","coordinates":[[-119.98137328559457,36.923775312328495],[-119.981269713888,36.9234851791234],[-119.981133421335,36.923095649632],[-119.980999687837,36.9227055524923],[-119.980868517047,36.9223148984701],[-119.980739912545,36.9219236983466],[-119.98061387784,36.9215319629179],[-119.980490416371,36.9211397029945],[-119.980462361654,36.9210493603999],[-119.980434444146,36.9209589917283],[-119.980406661599,36.92086859608],[-119.980379015136,36.9207781734551],[-119.980351503632,36.9206877247533],[-119.980324125963,36.9205972490747],[-119.980296881005,36.9205067482187],[-119.980269768756,36.9204162212856],[-119.980242786969,36.9203256691748],[-119.980215933395,36.9202350927858],[-119.980189206908,36.9201444921183],[-119.980162606384,36.9200538671724],[-119.980136128452,36.9199632197468],[-119.980109771985,36.9198725489418],[-119.980083533612,36.9197818565563],[-119.980057412207,36.9196911416905],[-119.980031404399,36.9196004061431],[-119.98000550569,36.9195096508133],[-119.979979716079,36.9194188748013],[-119.979954031071,36.9193280808056],[-119.979928448417,36.9192372670264],[-119.979902963619,36.9191464361621],[-119.979877573306,36.9190555882122],[-119.979852275229,36.9189647231763],[-119.979827066014,36.9188738428534],[-119.979801941166,36.9187829472426],[-119.979776898437,36.9186920372433],[-119.979751932204,36.9186011128546],[-119.979727040221,36.9185101758755],[-119.979702219114,36.9184192263055],[-119.979677464387,36.9183282650435],[-119.979652773792,36.9182372929889],[-119.979628141707,36.9181463110404],[-119.979603565885,36.918055318298],[-119.979579042954,36.9179643165604],[-119.979554568415,36.9178733067266],[-119.979530138899,36.9177822887961],[-119.979505752155,36.9176912636681],[-119.979481403688,36.9176002322416],[-119.979457090126,36.9175091945161],[-119.979432810343,36.9174181504912],[-119.979408558721,36.9173271019656],[-119.979384333009,36.9172360498383],[-119.979360132086,36.91714499231],[-119.979335951453,36.9170539320788],[-119.979311788863,36.9169628682447],[-119.979287642068,36.916871801707],[-119.97926350882,36.916780733365],[-119.97923938687,36.9166896623186],[-119.979215275094,36.9165985903671],[-119.979191171244,36.9165075166102],[-119.979167073073,36.9164164419473],[-119.97914298058,36.9163253663785],[-119.979118890392,36.916234289903],[-119.979094803635,36.9161432134208],[-119.979070718059,36.9160521369315],[-119.979046633665,36.9159610604352],[-119.979022549329,36.9158699830318],[-119.978998465051,36.9157789056211],[-119.97727502361661,36.909260859932274]]}},{"type":"Feature","id":"CP1:188","properties":{"id":"CP1:188","cp":"CP1","status":"under_construction","sourceId":"arcgis_progress"},"geometry":{"type":"LineString","coordinates":[[-119.97727502361661,36.909260859932274],[-119.975903573013,36.904073227798],[-119.97587949622,36.9039821494392],[-119.975855419486,36.9038910719727],[-119.975831342809,36.9037999935993],[-119.975807265067,36.9037089161179],[-119.975783186258,36.903617838629],[-119.975759104135,36.9035267620317],[-119.975735018699,36.9034356854264],[-119.975710928825,36.9033446097126],[-119.975686833389,36.9032535348899],[-119.975662730144,36.9031624618575],[-119.975638616843,36.9030713897155],[-119.975614492361,36.9029803202628],[-119.97559035445,36.9028892525994],[-119.975566200863,36.9027981876243],[-119.975542029353,36.902707126237],[-119.975517836547,36.9026160684365],[-119.975493621323,36.9025250142227],[-119.975469379184,36.9024339644943],[-119.975445107883,36.9023429201505],[-119.975420805174,36.9022518802911],[-119.975396466559,36.9021608476143],[-119.975372088668,36.9020698212196],[-119.975347670377,36.9019788020065],[-119.975323206067,36.9018877908733],[-119.975298692367,36.9017967887192],[-119.975274128152,36.901705794644],[-119.975249506682,36.9016148104458],[-119.97522482683,36.901523837024],[-119.975200082979,36.9014328743773],[-119.975175272881,36.9013419234049],[-119.975150393165,36.9012509850057],[-119.975125438211,36.9011600600782],[-119.975100406897,36.9010691486222],[-119.975075294727,36.9009782506365],[-119.975050097206,36.9008873688193],[-119.975024810963,36.9007965022701],[-119.974999433751,36.9007056527878],[-119.974973962197,36.9006148203715],[-119.974948391809,36.9005240050203],[-119.974922720337,36.9004332085329],[-119.974896943287,36.9003424318081],[-119.974871059535,36.9002516739457],[-119.974845064588,36.9001609367443],[-119.97481895732,36.9000702211032],[-119.974792733237,36.8999795261216],[-119.974766391216,36.8998888535985],[-119.974739927886,36.8997982044329],[-119.974713342123,36.8997075777248],[-119.97468663168,36.8996169743733],[-119.974659793186,36.8995263961769],[-119.974632826641,36.8994358422359],[-119.974605729797,36.8993453134494],[-119.974578501533,36.899254809817],[-119.9745511396,36.8991643322379],[-119.974523645122,36.8990738807122],[-119.974496014729,36.8989834561387],[-119.974468250669,36.8988930576183],[-119.97444034957,36.8988026869494],[-119.974412312557,36.8987123423328],[-119.974245506387,36.8981841187415],[-119.974074044611,36.8976568517081],[-119.973897935881,36.8971305675412],[-119.973717189079,36.8966052924997],[-119.973531813321,36.8960810527918],[-119.973341817951,36.8955578745733],[-119.973147212543,36.8950357839467],[-119.9730667995881,36.89482548307236]]}},{"type":"Feature","id":"CP1:194","properties":{"id":"CP1:194","cp":"CP1","status":"under_construction","sourceId":"arcgis_progress"},"geometry":{"type":"LineString","coordinates":[[-119.9730667995881,36.89482548307236],[-119.972948006902,36.8945148069596],[-119.972744211059,36.8939949696036],[-119.972535835277,36.8934762978128],[-119.972322890045,36.8929588174629],[-119.972105386078,36.8924425543692],[-119.97188333432,36.8919275342863],[-119.97165674594,36.8914137829058],[-119.971425632333,36.8909013258558],[-119.971190005119,36.8903901886992],[-119.970949876142,36.8898803969325],[-119.97070525747,36.8893719759848],[-119.970456161396,36.8888649512162],[-119.970202600432,36.8883593479166],[-119.969944587315,36.8878551913046],[-119.969682135002,36.8873525065261],[-119.969415256671,36.8868513186532],[-119.969143965719,36.8863516526827],[-119.968868275764,36.8858535335351],[-119.968588200642,36.8853569860532],[-119.968303754405,36.8848620350012],[-119.968014951325,36.8843687050629],[-119.967721805889,36.8838770208408],[-119.967424332799,36.8833870068552],[-119.967122546974,36.8828986875423],[-119.966816463545,36.8824120872534],[-119.966763759852,36.8823291612493],[-119.966710931544,36.8822462873663],[-119.966657978622,36.8821634638048],[-119.96660490221,36.8820806914646],[-119.966551702307,36.8819979712453],[-119.966498381162,36.8819153004482],[-119.966444937651,36.8818326808723],[-119.966391375146,36.8817501116188],[-119.966337693646,36.8816675917876],[-119.966283894275,36.8815851213791],[-119.966229980405,36.8815027003939],[-119.966175952037,36.881420326133],[-119.966121813663,36.8813380003968],[-119.966067564163,36.8812557204857],[-119.96601320803,36.881173486401],[-119.965958746388,36.8810912972431],[-119.965904182609,36.8810091521132],[-119.965849518939,36.880927050112],[-119.965794757628,36.8808449894408],[-119.965739902046,36.8807629692007],[-119.965684955563,36.8806809893925],[-119.965629919304,36.8805990473175],[-119.965574798888,36.880517142977],[-119.965519595438,36.880435274572],[-119.965464312326,36.8803534403039],[-119.965408952923,36.880271639274],[-119.965353521724,36.8801898696841],[-119.9653473602102,36.88018079557237]]}},{"type":"Feature","id":"CP1:200","properties":{"id":"CP1:200","cp":"CP1","status":"under_construction","sourceId":"arcgis_progress"},"geometry":{"type":"LineString","coordinates":[[-119.9653473602102,36.88018079557237],[-119.965298019852,36.8801081315344],[-119.965242451802,36.8800264221271],[-119.965186820946,36.8799447405634],[-119.965131130654,36.8798630850448],[-119.965075383175,36.8797814546723],[-119.965019583002,36.8796998476477],[-119.964963732385,36.8796182621722],[-119.964907835816,36.8795366982472],[-119.964851895544,36.8794551531741],[-119.964795913816,36.8793736260539],[-119.964739895127,36.8792921159881],[-119.964683842849,36.8792106202788],[-119.964627758103,36.8791291398258],[-119.964571645387,36.8790476710318],[-119.964515506946,36.8789662147969],[-119.964459343905,36.8788847684226],[-119.964403160759,36.8788033310103],[-119.964346959754,36.8787219025609],[-119.964290740892,36.8786404803751],[-119.964234509789,36.8785590653544],[-119.964178265323,36.878477655699],[-119.964122011988,36.8783962496108],[-119.964065749785,36.8783148479897],[-119.964009480959,36.8782334499365],[-119.963953205513,36.8781520536518],[-119.96389692794,36.8780706591371],[-119.963840645994,36.8779892663917],[-119.96378436192,36.8779078745165],[-119.963728077967,36.8778264826125],[-119.963671791888,36.8777450915788],[-119.963615505929,36.8776637005163],[-119.963559220091,36.877582309425],[-119.957641538098,36.8690240511791],[-119.957585263943,36.8689426570342],[-119.957528991033,36.8688612637606],[-119.95747271712,36.8687798695581],[-119.957416443327,36.8686984762266],[-119.957360168531,36.8686170837656],[-119.957303890486,36.8685356912746],[-119.957247610314,36.8684543005533],[-119.957191325768,36.8683729125008],[-119.957135035725,36.8682915262168],[-119.957078739062,36.8682101426006],[-119.95702243353,36.8681287634508],[-119.956966119131,36.8680473887673],[-119.95690979137,36.8679660185487],[-119.956853450247,36.8678846554937],[-119.956797093514,36.8678032996017],[-119.956740717802,36.867721951771],[-119.956684320863,36.8676406138002],[-119.956627901574,36.8675592856889],[-119.95657145544,36.8674779692347],[-119.956514981338,36.8673966662365],[-119.956458474774,36.8673153766928],[-119.956401934625,36.8672341024023],[-119.956345357518,36.8671528460628],[-119.956288740085,36.8670716067734],[-119.956232078955,36.8669903872319],[-119.956175370757,36.8669091892362],[-119.956118613244,36.8668280127856],[-119.956061803045,36.8667468605777],[-119.956004936789,36.8666657344105],[-119.955948011108,36.8665846342829],[-119.955891022628,36.8665035628923],[-119.955833969105,36.8664225220375],[-119.955776846043,36.8663415117164],[-119.955719651196,36.8662605346274],[-119.955662381193,36.8661795916686],[-119.955605031541,36.8660986846377],[-119.955547601114,36.8660178153335],[-119.955490086544,36.8659369846544],[-119.95543248446,36.8658561934986],[-119.9553769319133,36.86577843885675]]}},{"type":"Feature","id":"CP1:177","properties":{"id":"CP1:177","cp":"CP1","status":"under_construction","sourceId":"arcgis_progress"},"geometry":{"type":"LineString","coordinates":[[-119.9553769319133,36.86577843885675],[-119.955374792615,36.8657754445642],[-119.955317007637,36.8656947387496],[-119.955259127281,36.8656140769533],[-119.955201148176,36.8655334600737],[-119.955143069197,36.8654528908093],[-119.955084886976,36.8653723691586],[-119.955026600388,36.8652918969205],[-119.954968206063,36.8652114740936],[-119.954909702878,36.8651311024765],[-119.954851089708,36.8650507838682],[-119.954792363185,36.8649705173674],[-119.954733523307,36.8648903056731],[-119.954674567829,36.8648101478846],[-119.954615495625,36.8647300458006],[-119.954556306698,36.8646499994209],[-119.954496998799,36.8645700096443],[-119.954437573052,36.8644900773706],[-119.954378027211,36.8644102016991],[-119.954318362398,36.8643303844296],[-119.954258576368,36.8642506255608],[-119.953993223777,36.863899159736],[-119.953725533283,36.8635488337727],[-119.953455512548,36.8631996576541],[-119.953183169298,36.8628516413301],[-119.952908511324,36.8625047947179],[-119.952631546485,36.8621591277009],[-119.952352282705,36.8618146501289],[-119.95207072797,36.8614713718177],[-119.951786890336,36.8611293025487],[-119.95150077792,36.8607884520688],[-119.951212398904,36.86044883009],[-119.950921761536,36.8601104462892],[-119.950628874126,36.8597733103078],[-119.950333745049,36.8594374317517],[-119.950036382743,36.8591028201906],[-119.949736795709,36.8587694851584],[-119.949434992513,36.8584374361519],[-119.949130981781,36.8581066826317],[-119.948824772203,36.8577772340211],[-119.948516372531,36.8574490997061],[-119.94820579158,36.8571222890352],[-119.947893038226,36.856796811319],[-119.947578121405,36.8564726758302],[-119.947261050118,36.8561498918029],[-119.946941833423,36.8558284684327],[-119.946620480442,36.8555084148763],[-119.946297000356,36.8551897402513],[-119.945971402405,36.854872453636],[-119.945643695892,36.8545565640688],[-119.945313890177,36.8542420805483],[-119.944981994681,36.853929012033],[-119.944648018884,36.8536173674411],[-119.944311972324,36.8533071556498],[-119.943973864598,36.8529983854956],[-119.943633705363,36.8526910657738],[-119.943291504331,36.8523852052383],[-119.942947271275,36.8520808126013],[-119.942601016023,36.8517778965331],[-119.942252748462,36.8514764656618],[-119.941902478534,36.8511765285731],[-119.94155021624,36.8508780938101],[-119.941195971636,36.8505811698731],[-119.940839754834,36.850285765219],[-119.940481576003,36.8499918882616],[-119.940121445366,36.849699547371],[-119.939759373202,36.8494087508734],[-119.939395369845,36.8491195070509],[-119.939029445684,36.8488318241415],[-119.938661611161,36.8485457103384],[-119.938291876774,36.8482611737902],[-119.937920253072,36.8479782226004],[-119.937546750661,36.8476968648272],[-119.937171380197,36.8474171084835],[-119.936794152391,36.8471389615364],[-119.936415078005,36.8468624319071],[-119.936034167855,36.8465875274706],[-119.935651432806,36.8463142560557],[-119.935266883777,36.8460426254445],[-119.934880531739,36.8457726433722],[-119.934492387711,36.8455043175271],[-119.93419079653874,36.84529806554928]]}},{"type":"Feature","id":"CP1:176","properties":{"id":"CP1:176","cp":"CP1","status":"structure_complete","sourceId":"cvsr"},"geometry":{"type":"LineString","coordinates":[[-119.93419079653874,36.84529806554928],[-119.934102462766,36.8452376555504],[-119.933710768024,36.8449726650354],[-119.933317314659,36.8447093535282],[-119.93292211389,36.8444477285267],[-119.932832447373,36.8443887737974],[-119.932742692206,36.8443299071186],[-119.93265284839,36.8442711266908],[-119.932562917048,36.8442124325143],[-119.93247289818,36.8441538254887],[-119.932382794031,36.8440953047154],[-119.932292603481,36.8440368683941],[-119.932202327651,36.843978517425],[-119.93211196879,36.8439202500098],[-119.932021526896,36.8438620652486],[-119.931931004217,36.8438039631425],[-119.931840400755,36.8437459409924],[-119.931749719878,36.8436879979001],[-119.931658961587,36.8436301338656],[-119.931568127008,36.8435723452906],[-119.93147721951,36.8435146321768],[-119.931386240217,36.8434569927253],[-119.931295191377,36.8433994242382],[-119.931204074115,36.8433419249167],[-119.931112890677,36.8432844938621],[-119.93102164331,36.8432271292762],[-119.930930334264,36.8431698275615],[-119.930838964662,36.8431125878187],[-119.930747537875,36.8430554073506],[-119.930656056152,36.8429982834594],[-119.930564521739,36.8429412152464],[-119.930472935761,36.8428842000132],[-119.930381301589,36.8428272350626],[-119.930289621472,36.8427703176966],[-119.930197897657,36.8427134461172],[-119.930106132393,36.8426566176264],[-119.930014326802,36.8425998313252],[-119.929922485381,36.8425430827175],[-119.929830609254,36.8424863700048],[-119.929738700668,36.8424296922883],[-119.929646760748,36.8423730459701],[-119.929554793989,36.8423164292534],[-119.929462801515,36.8422598394396],[-119.929370784451,36.8422032747299],[-119.929278746167,36.842146733327],[-119.929186687789,36.8420902125324],[-119.929094611563,36.8420337114476],[-119.929002518615,36.8419772264747],[-119.928910411192,36.8419207576147],[-119.928818291542,36.8418643012704],[-119.928726160788,36.8418078574423],[-119.928634021179,36.8417514234327],[-119.928541871592,36.8416949983411],[-119.928449716521,36.8416385812707],[-119.928357554843,36.8415821695216],[-119.928265388806,36.8415257630952],[-119.928173219534,36.8414693601927],[-119.928081047026,36.8414129608142],[-119.927988872407,36.8413565640605],[-119.927896696801,36.8413001681331],[-119.927804520208,36.841243773032],[-119.927712342629,36.841187378757],[-119.927620165186,36.8411309844092],[-119.927527987879,36.8410745908883],[-119.92138775567405,36.837317641903]]}},{"type":"Feature","id":"CP1:185","properties":{"id":"CP1:185","cp":"CP1","status":"under_construction","sourceId":"arcgis_progress"},"geometry":{"type":"LineString","coordinates":[[-119.92138775567405,36.837317641903],[-119.9160930209023,36.834077467192046]]}},{"type":"Feature","id":"CP1:195","properties":{"id":"CP1:195","cp":"CP1","status":"not_started","sourceId":"cvsr"},"geometry":{"type":"LineString","coordinates":[[-119.9160930209023,36.834077467192046],[-119.91571511848144,36.83384618592462]]}},{"type":"Feature","id":"CP1:gap:1","properties":{"id":"CP1:gap:1","cp":"CP1","status":"not_started","sourceId":"cvsr"},"geometry":{"type":"LineString","coordinates":[[-119.91571511848144,36.83384618592462],[-119.914384407944,36.8330317528652],[-119.914248474947,36.8329485565722],[-119.914112542248,36.8328653592212],[-119.913976612095,36.8327821599141],[-119.913840686735,36.8326989568531],[-119.913704767295,36.8326157464403],[-119.913568857145,36.8325325259791],[-119.913432961906,36.8324492909751],[-119.913297084949,36.8323660369324],[-119.913161231898,36.8322827575572],[-119.913025407247,36.8321994474548],[-119.912889617741,36.832116101232],[-119.912753869,36.8320327125953],[-119.912618166646,36.831949275251],[-119.912482516299,36.8318657829055],[-119.912346924702,36.8317822301659],[-119.912211396354,36.8316986107377],[-119.912075936874,36.8316149192273],[-119.911940549636,36.8315311520384],[-119.911805240259,36.8314473037775],[-119.911670012115,36.8313633717481],[-119.911534867453,36.8312793523534],[-119.911399808521,36.8311952446958],[-119.911264836445,36.8311110460772],[-119.910688486444,36.8307498684784],[-119.910113753168,36.8303870430146],[-119.909540643944,36.8300225743243],[-119.908969166075,36.8296564670674],[-119.908399326845,36.8292887259243],[-119.907831133517,36.8289193555966],[-119.90726459333,36.8285483608062],[-119.906699713505,36.828175746296],[-119.906567883678,36.8280883957628],[-119.906436144078,36.8280009569809],[-119.90630449358,36.8279134308494],[-119.906172931058,36.8278258209666],[-119.906041453142,36.8277381291294],[-119.905910055337,36.8276503589333],[-119.905778734269,36.8275625148744],[-119.905647486566,36.827474600549],[-119.90551630436,36.8273866231487],[-119.905385184278,36.8272985862698],[-119.905254118456,36.8272104962041],[-119.905123102393,36.827122359246],[-119.904992129346,36.8270341816883],[-119.904861192573,36.8269459689237],[-119.904730287575,36.826857726347],[-119.904599406487,36.8267694602499],[-119.904468544812,36.8266811751272],[-119.904337699176,36.8265928763746],[-119.904206862837,36.8265045675854],[-119.904076034671,36.8264162514578],[-119.90394521018,36.8263279324866],[-119.90381438824,36.8262396115708],[-119.903683566607,36.8261512887084],[-119.890245256364,36.817076795376],[-119.88703393859565,36.81490774566426]]}},{"type":"Feature","id":"CP1:182","properties":{"id":"CP1:182","cp":"CP1","status":"preconstruction","sourceId":"arcgis_progress"},"geometry":{"type":"LineString","coordinates":[[-119.88703393859565,36.81490774566426],[-119.886757921917,36.8147213034293],[-119.886669255945,36.8146614116607],[-119.886580590113,36.8146015189249],[-119.886491924421,36.8145416270211],[-119.886403259993,36.8144817332513],[-119.886314596827,36.8144218394151],[-119.886225934926,36.8143619437128],[-119.886137275414,36.8143020452461],[-119.886048618291,36.8142421440148],[-119.885959966925,36.8141822391225],[-119.885871320196,36.8141223296685],[-119.885782679229,36.8140624129546],[-119.88569404627,36.8140024898829],[-119.885605422443,36.8139425577552],[-119.885516809995,36.8138826165739],[-119.88542820893,36.81382266274],[-119.885339621494,36.8137626962559],[-119.885251049933,36.8137027153243],[-119.885162495376,36.8136427172473],[-119.885073960068,36.8135827011272],[-119.88498544738,36.8135226642685],[-119.884896957314,36.8134626057714],[-119.884808492119,36.8134025229389],[-119.884720055167,36.8133424130755],[-119.884631648703,36.8132822752836],[-119.884543274979,36.8132221059666],[-119.884454935117,36.8131619051259],[-119.884366632491,36.813101668266],[-119.884278369347,36.8130413944898],[-119.884190147936,36.8129810802006],[-119.884101971625,36.8129207254019],[-119.884013841544,36.8128603255962],[-119.883925759939,36.8127998798863],[-119.883837731303,36.8127393855776],[-119.883749756765,36.8126788399721],[-119.883661838571,36.8126182412727],[-119.883573978968,36.8125575876824],[-119.883486180206,36.8124968774042],[-119.883398445656,36.8124361068427],[-119.883310777565,36.8123752751004],[-119.883223177059,36.8123143803794],[-119.883135647508,36.8122534199839],[-119.883048190039,36.8121923921157],[-119.882960806897,36.8121312958777],[-119.88287350033,36.8120701294727],[-119.882786271465,36.812008890203],[-119.882699123671,36.8119475771722],[-119.882612056949,36.811886189481],[-119.88252507467,36.8118247253334],[-119.882438176835,36.8117631829301],[-119.882351365691,36.8117015622737],[-119.882264641238,36.8116398624646],[-119.882178006847,36.8115780817069],[-119.882091462519,36.8115162191011],[-119.882005008256,36.8114542737477],[-119.881918647423,36.81139224655],[-119.881832377778,36.8113301366062],[-119.881746201567,36.8112679421193],[-119.881660118789,36.811205664889],[-119.881574129445,36.811143303116],[-119.880908299036,36.8106552315499],[-119.880248242084,36.8101621507475],[-119.879594017169,36.8096641045518],[-119.87894568235,36.8091611372461],[-119.878303295156,36.8086532935506],[-119.877666912586,36.8081406186182],[-119.877036591102,36.8076231580302],[-119.876412386622,36.8071009577928],[-119.876332589855,36.8070334864637],[-119.87625289549,36.8069659387114],[-119.87617330353,36.8068983127365],[-119.876093811728,36.8068306103365],[-119.876014421205,36.8067628315126],[-119.875935131963,36.8066949762651],[-119.875855941752,36.8066270463912],[-119.875776849451,36.80655904189],[-119.87569785618,36.8064909636625],[-119.875618960816,36.8064228126074],[-119.875540159989,36.8063545905208],[-119.875461453696,36.8062862983026],[-119.875382839692,36.8062179368503],[-119.875304317976,36.8061495070637],[-119.875225885175,36.8060810116386],[-119.875147540168,36.8060124505741],[-119.875069280704,36.8059438274667],[-119.874991104538,36.8058751414144],[-119.874913010544,36.8058063960152],[-119.874834996473,36.8057375930662],[-119.874757058959,36.8056687325639],[-119.87467919575,36.805599818105],[-119.874601405721,36.8055308514879],[-119.874523684382,36.8054618336075],[-119.874446030605,36.805392767162],[-119.874368441022,36.8053236530476],[-119.874290913382,36.8052544948609],[-119.874213445438,36.8051852943989],[-119.87413603382,36.805116052558],[-119.874058675158,36.8050467720338],[-119.873981367204,36.8049774546234],[-119.873904108831,36.8049081030248],[-119.873826894425,36.8048387181318],[-119.873749723982,36.8047693026436],[-119.873672591886,36.8046998592535],[-119.873595498136,36.8046303888611],[-119.873518439361,36.8045608932624],[-119.873441412191,36.8044913742532],[-119.8733644155,36.8044218345316],[-119.873287444794,36.8043522758921],[-119.873210498951,36.8042826992334],[-119.873133576844,36.8042131072534],[-119.87305667286,36.804143499946],[-119.872979788118,36.8040738800117],[-119.872902919247,36.8040042492463],[-119.872826065126,36.8039346076486],[-119.872749222382,36.8038649579141],[-119.872672389892,36.8037953009414],[-119.872595566534,36.8037256367292],[-119.87251875118,36.8036559679755],[-119.872441941584,36.8035862955775],[-119.872365136627,36.8035166186345],[-119.87228833518,36.8034469398442],[-119.872211537245,36.8033772583069],[-119.872134740576,36.8033075758198],[-119.87205794517,36.8032378923827],[-119.871981151028,36.8031682088954],[-119.871904358151,36.8030985244581],[-119.871827564292,36.8030288399682],[-119.8629088642716,36.79493460051432]]}},{"type":"Feature","id":"CP1:198","properties":{"id":"CP1:198","cp":"CP1","status":"preconstruction","sourceId":"arcgis_progress"},"geometry":{"type":"LineString","coordinates":[[-119.8629088642716,36.79493460051432],[-119.8359857968281,36.77048593001173]]}},{"type":"Feature","id":"CP1:180","properties":{"id":"CP1:180","cp":"CP1","status":"preconstruction","sourceId":"arcgis_progress"},"geometry":{"type":"LineString","coordinates":[[-119.8359857968281,36.77048593001173],[-119.81876615021197,36.754837513063485]]}},{"type":"Feature","id":"CP1:192","properties":{"id":"CP1:192","cp":"CP1","status":"under_construction","sourceId":"cvsr"},"geometry":{"type":"LineString","coordinates":[[-119.81876615021197,36.754837513063485],[-119.815584396731,36.7519451122687],[-119.815458706545,36.7518308465492],[-119.815333018979,36.7517165806953],[-119.815207335163,36.7516023120093],[-119.815081658466,36.7514880377974],[-119.81495599563,36.7513737535717],[-119.814830353392,36.7512594557437],[-119.814704738497,36.7511451380261],[-119.814579161055,36.7510307941368],[-119.814453628931,36.7509164177902],[-119.814328153358,36.7508020018062],[-119.814202742205,36.7506875389996],[-119.814077405577,36.750573024888],[-119.813952153589,36.7504584504902],[-119.813826991857,36.7503438122164],[-119.813701928247,36.7502291046811],[-119.813576968373,36.7501143242944],[-119.813452116731,36.749999467465],[-119.813327375566,36.7498845332968],[-119.812765841357,36.7493648957779],[-119.812206591479,36.7488436777944],[-119.811649632809,36.7483208857972],[-119.811094972191,36.7477965262567],[-119.810972368235,36.7476801146753],[-119.810849876993,36.7475636266654],[-119.810727495097,36.7474470640214],[-119.810605218053,36.7473304303352],[-119.810483041364,36.7472137291989],[-119.810360957169,36.7470969650989],[-119.810238958728,36.746980142523],[-119.810117035927,36.746863269553],[-119.809995179781,36.746746351573],[-119.809873381299,36.7466293957663],[-119.809751629254,36.7465124075136],[-119.809629914652,36.7463953948979],[-119.809508229634,36.7462783624053],[-119.809386564088,36.7461613163177],[-119.809264913519,36.7460442611265],[-119.809143270067,36.745927200418],[-119.80902163036,36.7458101368858],[-119.808899992149,36.7456930732256],[-119.808778355436,36.7455760085377],[-119.808706289176,36.7455066535946],[-119.80865671685,36.7454589455156],[-119.80853507527,36.7453418841577],[-119.808413427321,36.7452248280573],[-119.808291765146,36.7451077808006],[-119.808170084246,36.7449907468788],[-119.808048374515,36.7448737316738],[-119.807926628085,36.7447567423706],[-119.80780483485,36.7446397834512],[-119.80768298582,36.7445228629984],[-119.807561070885,36.7444059872935],[-119.807439081058,36.74428916262],[-119.80731700623,36.744172395259],[-119.807194839661,36.744055689698],[-119.80717130720473,36.744033240423946]]}},{"type":"Feature","id":"CP1:173","properties":{"id":"CP1:173","cp":"CP1","status":"under_construction","sourceId":"arcgis_progress"},"geometry":{"type":"LineString","coordinates":[[-119.80717130720473,36.744033240423946],[-119.807072574607,36.7439390522237],[-119.806950203208,36.743822486422],[-119.806827724338,36.7437059940901],[-119.806705133508,36.7435895770198],[-119.806059802037,36.7429797491575],[-119.805411383761,36.7423720360055],[-119.804759889504,36.741766447639],[-119.804105330138,36.7411629940981],[-119.803980290666,36.7410482795063],[-119.803855142594,36.740933642873],[-119.803729887048,36.7408190824002],[-119.803604528522,36.7407045944963],[-119.803479072634,36.7405901755712],[-119.803353526123,36.7404758211373],[-119.803227897976,36.7403615249112],[-119.803102196059,36.7402472815073],[-119.802976429357,36.7401330846423],[-119.802850607982,36.7400189271352],[-119.802724740924,36.7399048018029],[-119.802598838292,36.739790702364],[-119.802472907952,36.7396766225336],[-119.802346958891,36.7395625560284],[-119.802220996726,36.739448499259],[-119.802095028196,36.7393344477379],[-119.801969055551,36.7392203987698],[-119.801843083281,36.7391063505626],[-119.7866510760108,36.72534890981036]]}},{"type":"Feature","id":"CP1:197","properties":{"id":"CP1:197","cp":"CP1","status":"not_started","sourceId":"cvsr"},"geometry":{"type":"LineString","coordinates":[[-119.79558739425768,36.73344221110829],[-119.79537075767553,36.7332460392439]]}},{"type":"Feature","id":"CP1:190","properties":{"id":"CP1:190","cp":"CP1","status":"structure_complete","sourceId":"cvsr"},"geometry":{"type":"LineString","coordinates":[[-119.79331882155638,36.731387871435366],[-119.7931720754749,36.731254978075384]]}},{"type":"Feature","id":"CP1:183","properties":{"id":"CP1:183","cp":"CP1","status":"structure_complete","sourceId":"cvsr"},"geometry":{"type":"LineString","coordinates":[[-119.78887676320338,36.72736485648846],[-119.78866016091182,36.72716867246345]]}},{"type":"Feature","id":"CP1:191","properties":{"id":"CP1:191","cp":"CP1","status":"under_construction","sourceId":"arcgis_progress"},"geometry":{"type":"LineString","coordinates":[[-119.7866510760108,36.72534890981036],[-119.772394330362,36.712432173426],[-119.772327684741,36.7123717779931],[-119.772261040347,36.7123113825235],[-119.772194394937,36.7122509870128],[-119.772127750754,36.7121905914654],[-119.77206110668,36.7121301949794],[-119.771994462711,36.7120697984546],[-119.771927819972,36.7120094009933],[-119.771861179584,36.7119490025977],[-119.771794539303,36.7118886032634],[-119.771727902497,36.7118282020974],[-119.771661266921,36.711767799995],[-119.771594635942,36.7117073951631],[-119.771528007319,36.7116469875975],[-119.771461383294,36.7115865773025],[-119.77139476499,36.7115261633806],[-119.771328151286,36.7114657458296],[-119.771261543307,36.711405323752],[-119.771194943294,36.7113448971521],[-119.771128351252,36.7112844642304],[-119.771061767181,36.711224024987],[-119.770995193324,36.7111635794262],[-119.770928629683,36.7111031266483],[-119.770862078505,36.7110426648583],[-119.770795538667,36.7109821949536],[-119.77072901354,36.7109217142417],[-119.770662502,36.7108612236202],[-119.770596007412,36.7108007221957],[-119.770529529782,36.710740208169],[-119.770463070234,36.7106796806425],[-119.770396629886,36.7106191405181],[-119.770330209867,36.7105585850988],[-119.770263812422,36.7104980134894],[-119.770197438671,36.710437425692],[-119.770131089738,36.7103768208091],[-119.770064766749,36.7103161970434],[-119.769998470826,36.7102555543973],[-119.769932204219,36.7101948901759],[-119.769865968045,36.7101342052812],[-119.769799763432,36.710073497916],[-119.769733591504,36.7100127662829],[-119.769667455626,36.7099520103887],[-119.7696013558,36.7098912293337],[-119.769535294274,36.7098304213229],[-119.76946927217,36.7097695854586],[-119.769403291736,36.709708719946],[-119.76933735297,36.7096478256849],[-119.769271459245,36.7095868990829],[-119.769205610558,36.7095259410398],[-119.769139810278,36.7094649497629],[-119.769074059529,36.7094039243546],[-119.769008359435,36.7093428630179],[-119.768942711122,36.7092817648551],[-119.768877117953,36.7092206298731],[-119.768811579934,36.7091594553726],[-119.768746099308,36.7090982413582],[-119.76868067832,36.7090369869346],[-119.768615318099,36.708975689405],[-119.768550019762,36.7089143496712],[-119.768484785557,36.7088529659384],[-119.768419616611,36.7087915364095],[-119.768354515165,36.7087300610889],[-119.768289483467,36.7086685381816],[-119.768224521516,36.7086069676878],[-119.76815963156,36.7085453478125],[-119.768094814722,36.7084836776583],[-119.768030074368,36.7084219563321],[-119.767965409379,36.7083601829323],[-119.767900823122,36.7082983565657],[-119.767836316719,36.708236476335],[-119.767771891295,36.7081745413428],[-119.767707549093,36.7081125506938],[-119.767643290117,36.7080505034886],[-119.767579116607,36.7079883997315],[-119.767515030815,36.707926236728],[-119.767451031617,36.7078640153757],[-119.767387123498,36.707801734784],[-119.767323305341,36.7077393940509],[-119.767259579393,36.7076769913815],[-119.767195946768,36.7076145285778],[-119.7671324086,36.707552002043],[-119.767068966003,36.7074894135792],[-119.767005620104,36.707426761389],[-119.766942372023,36.707364045475],[-119.766879221766,36.7073012640377],[-119.76681617269,36.7072384188835],[-119.766753223682,36.7071755073111],[-119.766690376979,36.7071125311245],[-119.766627632588,36.7070494876247],[-119.766564990507,36.7069863777116],[-119.766502454099,36.706923201392],[-119.766440021124,36.7068599577619],[-119.766377694944,36.7067966468281],[-119.766315474443,36.7067332676889],[-119.766253360739,36.7066698203465],[-119.766191354953,36.7066063057032],[-119.766129457085,36.7065427228593],[-119.766067667136,36.7064790718151],[-119.766005985107,36.7064153525705],[-119.76594441324,36.7063515642307],[-119.765882950411,36.706287708593],[-119.765821597744,36.7062237838602],[-119.765760354117,36.7061597909301],[-119.765356573885,36.7057330768258],[-119.76495767748,36.7053034145368],[-119.76456369824,36.7048708400592],[-119.764174669087,36.704435389633],[-119.76379062253,36.703997099738],[-119.763411590656,36.7035560070917],[-119.763037605131,36.7031121486454],[-119.762668697197,36.7026655615819],[-119.762304897669,36.7022162833115],[-119.761946236932,36.7017643514695],[-119.761592744938,36.7013098039128],[-119.761244451207,36.7008526787169],[-119.76090138482,36.7003930141723],[-119.760563574419,36.6999308487817],[-119.760231048204,36.6994662212564],[-119.759903833932,36.6989991705135],[-119.759581958912,36.6985297356722],[-119.759265450004,36.6980579560507],[-119.758954333619,36.6975838711629],[-119.758648635714,36.6971075207149],[-119.758348381791,36.6966289446022],[-119.758053596892,36.6961481829057],[-119.757764305604,36.6956652758885],[-119.757480532049,36.6951802639929],[-119.757202299887,36.6946931878365],[-119.756929632313,36.6942040882091],[-119.756662552054,36.6937130060692],[-119.756401081366,36.6932199825405],[-119.756145242038,36.6927250589085],[-119.755895055383,36.6922282766172],[-119.75565054224,36.691729677265],[-119.755411722972,36.6912293026023],[-119.755178617465,36.6907271945267],[-119.754951245124,36.6902233950806],[-119.754729624873,36.6897179464471],[-119.754513775153,36.6892108909464],[-119.754303713922,36.6887022710325],[-119.754099458652,36.6881921292896],[-119.753901026326,36.6876805084286],[-119.753708433441,36.6871674512831],[-119.753521696002,36.6866530008063],[-119.753340829525,36.6861372000673],[-119.753165849031,36.685620092247],[-119.75299676905,36.6851017206353],[-119.752833603614,36.6845821286267],[-119.752676366263,36.6840613597174],[-119.752525070037,36.6835394575007],[-119.752379727477,36.6830164656645],[-119.752240350629,36.6824924279865],[-119.752106951035,36.6819673883314],[-119.751979539738,36.6814413906467],[-119.751858127277,36.6809144789594],[-119.751742723692,36.6803866973719],[-119.751633338515,36.6798580900586],[-119.751529980777,36.6793287012623],[-119.751432659002,36.6787985752899],[-119.75134138121,36.6782677565095],[-119.751256154914,36.6777362893461],[-119.751176987118,36.677204218278],[-119.751103884322,36.6766715878332],[-119.751036852516,36.6761384425856],[-119.750975897182,36.6756048271514],[-119.750921023292,36.675070786185],[-119.750872235312,36.6745363643758],[-119.750865393323,36.6744557630791],[-119.7508586903,36.6743751557748],[-119.750852125132,36.6742945397611],[-119.750845698933,36.6742139168399],[-119.750839409458,36.6741332879064],[-119.750833257834,36.6740526511633],[-119.750827242937,36.6739720075081],[-119.750821364763,36.6738913578406],[-119.750815623314,36.673810701261],[-119.750810017468,36.6737300386667],[-119.750804546102,36.6736493700554],[-119.750799209215,36.6735686963268],[-119.750794006808,36.6734880165812],[-119.75078893664,36.6734073308139],[-119.750783999828,36.6733266399271],[-119.75077919301,36.6732459439135],[-119.750774516187,36.6731652427734],[-119.750769969354,36.6730845374063],[-119.750765549153,36.6730038269056],[-119.750761257822,36.6729231121756],[-119.750757090879,36.672842393207],[-119.750753048322,36.6727616699997],[-119.75074913015,36.6726809434535],[-119.750745331882,36.6726002126592],[-119.750741655759,36.6725194776216],[-119.750738097294,36.6724387401306],[-119.750734657609,36.6723579992889],[-119.750731333345,36.6722772541897],[-119.750728122254,36.6721965075276],[-119.750725025463,36.6721157566055],[-119.750722038482,36.6720350041134],[-119.750719161316,36.6719542482517],[-119.750716391719,36.6718734908151],[-119.750713727455,36.6717927299996],[-119.750711167397,36.6717119676022],[-119.750708709305,36.6716312036182],[-119.750706350941,36.6715504371431],[-119.750704091183,36.6714696681745],[-119.750701927785,36.6713888985073],[-119.750699858509,36.6713081272369],[-119.750697881116,36.6712273534589],[-119.75069599448,36.6711465789704],[-119.75069419636,36.6710658037666],[-119.750692484518,36.6709850269432],[-119.750690855593,36.670904248493],[-119.750689309581,36.6708234693157],[-119.750687843121,36.6707426894042],[-119.750686455095,36.6706619078566],[-119.750685142137,36.6705811264651],[-119.750683903131,36.6705003434278],[-119.75068273471,36.6704195605373],[-119.750681635759,36.6703387759916],[-119.750680604032,36.6702579915854],[-119.750679638411,36.6701772064168],[-119.750678734412,36.6700964213759],[-119.75067789204,36.6700156346632],[-119.750677107925,36.6699348489711],[-119.750676379832,36.669854062495],[-119.750675706641,36.6697732752329],[-119.750675086107,36.6696924880795],[-119.750674514873,36.6696117001281],[-119.750673992935,36.6695309122785],[-119.750673516932,36.6694501245235],[-119.750673085748,36.6693693359611],[-119.750672696013,36.6692885483835],[-119.750672346615,36.6692077599891],[-119.750672036429,36.6691269716751],[-119.750671762095,36.6690461834344],[-119.750671522495,36.6689653943649],[-119.750671315382,36.6688846062615],[-119.750671139642,36.6688038173222],[-119.750670994151,36.6687230284444],[-119.750670874428,36.6686422396186],[-119.750670781593,36.6685614508473],[-119.750670713406,36.6684806621257],[-119.750670666505,36.6683998734466],[-119.750670640891,36.6683190848101],[-119.750670635445,36.6682382953142],[-119.750670647922,36.6681575067534],[-119.750670677203,36.6680767182257],[-119.750670722172,36.6679959288291],[-119.750670780582,36.6679151403582],[-119.750670851317,36.6678343510113],[-119.750670934374,36.6677535625877],[-119.750671027513,36.6676727741831],[-119.750671129617,36.6675919848952],[-119.750671239561,36.6675111965214],[-119.750671357349,36.6674304072619],[-119.750671481856,36.667349618914],[-119.750671611967,36.6672688296758],[-119.750671745436,36.6671880413421],[-119.750671884509,36.6671072521182],[-119.75067202582,36.6670264637963],[-119.750672170494,36.6669456745793],[-119.750672316285,36.6668648862622],[-119.750672464319,36.6667840970476],[-119.750672613471,36.6667033087328],[-119.750672763745,36.6666225195182],[-119.750672914016,36.666541731201],[-119.75067306429,36.6664609419817],[-119.750673215681,36.6663801536621],[-119.750673365954,36.666299364438],[-119.750683318621,36.6609725547074],[-119.750683826082,36.6607008916167]]}},{"type":"Feature","id":"CP1:189","properties":{"id":"CP1:189","cp":"CP1","status":"under_construction","sourceId":"cvsr"},"geometry":{"type":"LineString","coordinates":[[-119.77448697527596,36.71432850652929],[-119.772394330362,36.712432173426],[-119.772327684741,36.7123717779931],[-119.772261040347,36.7123113825235],[-119.772194394937,36.7122509870128],[-119.772127750754,36.7121905914654],[-119.77206110668,36.7121301949794],[-119.771994462711,36.7120697984546],[-119.771927819972,36.7120094009933],[-119.771861179584,36.7119490025977],[-119.771794539303,36.7118886032634],[-119.771727902497,36.7118282020974],[-119.771661266921,36.711767799995],[-119.771594635942,36.7117073951631],[-119.771528007319,36.7116469875975],[-119.771461383294,36.7115865773025],[-119.77139476499,36.7115261633806],[-119.771328151286,36.7114657458296],[-119.771261543307,36.711405323752],[-119.771194943294,36.7113448971521],[-119.771128351252,36.7112844642304],[-119.771061767181,36.711224024987],[-119.770995193324,36.7111635794262],[-119.770928629683,36.7111031266483],[-119.770862078505,36.7110426648583],[-119.770795538667,36.7109821949536],[-119.77072901354,36.7109217142417],[-119.770662502,36.7108612236202],[-119.770596007412,36.7108007221957],[-119.770529529782,36.710740208169],[-119.770463070234,36.7106796806425],[-119.770396629886,36.7106191405181],[-119.770330209867,36.7105585850988],[-119.770263812422,36.7104980134894],[-119.770197438671,36.710437425692],[-119.770131089738,36.7103768208091],[-119.770064766749,36.7103161970434],[-119.769998470826,36.7102555543973],[-119.769932204219,36.7101948901759],[-119.769865968045,36.7101342052812],[-119.769799763432,36.710073497916],[-119.769733591504,36.7100127662829],[-119.769667455626,36.7099520103887],[-119.7696013558,36.7098912293337],[-119.769535294274,36.7098304213229],[-119.76946927217,36.7097695854586],[-119.769403291736,36.709708719946],[-119.76933735297,36.7096478256849],[-119.769271459245,36.7095868990829],[-119.769205610558,36.7095259410398],[-119.769139810278,36.7094649497629],[-119.769074059529,36.7094039243546],[-119.769008359435,36.7093428630179],[-119.768942711122,36.7092817648551],[-119.768877117953,36.7092206298731],[-119.768811579934,36.7091594553726],[-119.768746099308,36.7090982413582],[-119.76868067832,36.7090369869346],[-119.768615318099,36.708975689405],[-119.768550019762,36.7089143496712],[-119.768484785557,36.7088529659384],[-119.768419616611,36.7087915364095],[-119.768354515165,36.7087300610889],[-119.768289483467,36.7086685381816],[-119.768224521516,36.7086069676878],[-119.76815963156,36.7085453478125],[-119.768094814722,36.7084836776583],[-119.768030074368,36.7084219563321],[-119.767965409379,36.7083601829323],[-119.767900823122,36.7082983565657],[-119.767836316719,36.708236476335],[-119.767771891295,36.7081745413428],[-119.767707549093,36.7081125506938],[-119.767643290117,36.7080505034886],[-119.767579116607,36.7079883997315],[-119.767515030815,36.707926236728],[-119.767451031617,36.7078640153757],[-119.767387123498,36.707801734784],[-119.767323305341,36.7077393940509],[-119.767259579393,36.7076769913815],[-119.767195946768,36.7076145285778],[-119.7671324086,36.707552002043],[-119.767068966003,36.7074894135792],[-119.767005620104,36.707426761389],[-119.766942372023,36.707364045475],[-119.766879221766,36.7073012640377],[-119.76681617269,36.7072384188835],[-119.766753223682,36.7071755073111],[-119.766690376979,36.7071125311245],[-119.766627632588,36.7070494876247],[-119.766564990507,36.7069863777116],[-119.766502454099,36.706923201392],[-119.766440021124,36.7068599577619],[-119.766377694944,36.7067966468281],[-119.766315474443,36.7067332676889],[-119.766253360739,36.7066698203465],[-119.766191354953,36.7066063057032],[-119.766129457085,36.7065427228593],[-119.7661154220514,36.706528265106655]]}},{"type":"Feature","id":"CP1:184","properties":{"id":"CP1:184","cp":"CP1","status":"structure_complete","sourceId":"cvsr"},"geometry":{"type":"LineString","coordinates":[[-119.76060117531898,36.69998229167209],[-119.760563574419,36.6999308487817],[-119.760231048204,36.6994662212564],[-119.759903833932,36.6989991705135],[-119.75989074943227,36.69898008770728]]}},{"type":"Feature","id":"CP1:178","properties":{"id":"CP1:178","cp":"CP1","status":"structure_complete","sourceId":"cvsr"},"geometry":{"type":"LineString","coordinates":[[-119.75864112854194,36.69709555508058],[-119.758348381791,36.6966289446022],[-119.758053596892,36.6961481829057],[-119.757764305604,36.6956652758885],[-119.757480532049,36.6951802639929],[-119.757202299887,36.6946931878365],[-119.756929632313,36.6942040882091],[-119.756662552054,36.6937130060692],[-119.756401081366,36.6932199825405],[-119.756145242038,36.6927250589085],[-119.755895055383,36.6922282766172],[-119.75565054224,36.691729677265],[-119.755411722972,36.6912293026023],[-119.755178617465,36.6907271945267],[-119.754951245124,36.6902233950806],[-119.754729624873,36.6897179464471],[-119.754513775153,36.6892108909464],[-119.754303713922,36.6887022710325],[-119.754099458652,36.6881921292896],[-119.753901026326,36.6876805084286],[-119.753708433441,36.6871674512831],[-119.75366713863946,36.68705368719232]]}},{"type":"Feature","id":"CP1:199","properties":{"id":"CP1:199","cp":"CP1","status":"structure_complete","sourceId":"cvsr"},"geometry":{"type":"LineString","coordinates":[[-119.75313634511338,36.685529638573904],[-119.75299676905,36.6851017206353],[-119.752833603614,36.6845821286267],[-119.75276897943154,36.684368094705064]]}},{"type":"Feature","id":"CP2-3:116","properties":{"id":"CP2-3:116","cp":"CP2-3","status":"guideway_complete","sourceId":"cvsr"},"geometry":{"type":"LineString","coordinates":[[-119.750683826082,36.6607008916167],[-119.75073294711756,36.63439821821579]]}},{"type":"Feature","id":"CP2-3:126","properties":{"id":"CP2-3:126","cp":"CP2-3","status":"guideway_complete","sourceId":"cvsr"},"geometry":{"type":"LineString","coordinates":[[-119.75073294711756,36.63439821821579],[-119.750745239451,36.6278132735461],[-119.750745519152,36.6276634463627],[-119.750745797735,36.6275136182688],[-119.750746072955,36.6273637910591],[-119.750746342575,36.6272139638291],[-119.75074659988,36.6270641356649],[-119.750746840385,36.6269143083566],[-119.750747055136,36.6267644809854],[-119.750747237414,36.6266146535372],[-119.750747377143,36.6264648259907],[-119.750747465365,36.6263149983269],[-119.750747492002,36.6261651705246],[-119.750747446978,36.6260153425624],[-119.750747320213,36.6258655153189],[-119.750747101633,36.6257156878729],[-119.750746781161,36.6255658602033],[-119.750746349837,36.6254160331908],[-119.750745799828,36.625266205919],[-119.750745124413,36.6251163792737],[-119.750744315754,36.6249665532382],[-119.750743370496,36.6248167269056],[-119.750742285276,36.6246669020684],[-119.750741056738,36.6245170778196],[-119.7507284821,36.62347117123],[-119.750708909619,36.6224253336805],[-119.750682340146,36.6213795954061],[-119.750648774739,36.6203339866375],[-119.750643393562,36.6201842217475],[-119.750637870206,36.6200344592475],[-119.75063233652698,36.619888158486795]]}},{"type":"Feature","id":"CP2-3:172","properties":{"id":"CP2-3:172","cp":"CP2-3","status":"guideway_complete","sourceId":"cvsr"},"geometry":{"type":"LineString","coordinates":[[-119.75063233652698,36.619888158486795],[-119.750632205783,36.6198847018391],[-119.750626404781,36.6197349468325],[-119.750620472795,36.6195851951393],[-119.750614413185,36.6194354467666],[-119.750608236029,36.6192857017355],[-119.750601948044,36.6191359600605],[-119.750595559311,36.6189862208629],[-119.750589077668,36.6188364841592],[-119.750582514313,36.6186867490734],[-119.750575879319,36.6185370174264],[-119.75056918277,36.6183872865401],[-119.75056243474,36.6182375573355],[-119.750555645306,36.618087829834],[-119.750548822312,36.6179381022526],[-119.750541974707,36.6177883764097],[-119.750535109216,36.6176386505201],[-119.750528232553,36.6174889254977],[-119.75052134808,36.6173392004499],[-119.750514462515,36.6171894753908],[-119.750507574737,36.617039750318],[-119.750049499927,36.6070802351791],[-119.750044090493,36.6069625939655],[-119.750038679957,36.6068449527441],[-119.750033268318,36.6067273115148],[-119.750027854457,36.6066096702752],[-119.750022436135,36.6064920290206],[-119.750017009991,36.6063743886436],[-119.750011574908,36.606256748242],[-119.75000612641,36.6061391078065],[-119.750000661133,36.6060214682296],[-119.749995173483,36.6059038294995],[-119.749989661223,36.6057861907117],[-119.74998411651,36.605668553649],[-119.749978535991,36.6055509174047],[-119.749972912947,36.6054332828641],[-119.74996937957667,36.605359977753544]]}},{"type":"Feature","id":"CP2-3:147","properties":{"id":"CP2-3:147","cp":"CP2-3","status":"guideway_complete","sourceId":"cvsr"},"geometry":{"type":"LineString","coordinates":[[-119.74996937957667,36.605359977753544],[-119.749967242901,36.6053156491181],[-119.749961518014,36.6051980179495],[-119.749955733811,36.6050803884491],[-119.749949883575,36.6049627606027],[-119.749943960587,36.6048451352958],[-119.749937959252,36.6047275125164],[-119.749931873969,36.6046098931525],[-119.749925696906,36.6044922762877],[-119.749919424703,36.6043746628146],[-119.749913049523,36.6042570527165],[-119.749906566888,36.6041394468838],[-119.749899972323,36.6040218444072],[-119.749893260225,36.6039042470743],[-119.74988642724,36.6037866539781],[-119.749879468892,36.6036690651093],[-119.749872382939,36.6035514813627],[-119.749865163781,36.6034339036263],[-119.749857811423,36.6033163310002],[-119.749850323626,36.6031987634798],[-119.749842698149,36.6030812019598],[-119.749834934993,36.6029636464405],[-119.749769156776,36.6020406484199],[-119.749694846052,36.6011180685939],[-119.749612007235,36.600195957932],[-119.749520645212,36.5992743673758],[-119.749420765339,36.5983533478365],[-119.749312373441,36.5974329501918],[-119.749195475815,36.5965132252835],[-119.749070079225,36.5955942239142],[-119.748936190905,36.594675996845],[-119.748793818556,36.5937585947923],[-119.748642970349,36.5928420684253],[-119.748483654919,36.5919264683627],[-119.748315881369,36.5910118451707],[-119.748139659271,36.5900982493596],[-119.747954998658,36.5891857313811],[-119.74776191003,36.5882743416259],[-119.747736721027,36.5881583847081],[-119.747711395499,36.5880424472824],[-119.747685934567,36.5879265293513],[-119.747660340471,36.5878106300198],[-119.747634614328,36.5876947501899],[-119.747608758381,36.5875788889664],[-119.747582775987,36.5874630463566],[-119.747556669389,36.5873472214654],[-119.747530444182,36.5872314143046],[-119.747504103724,36.5871156248814],[-119.747477653621,36.5869998505084],[-119.747451097224,36.5868840929922],[-119.747424440138,36.5867683496455],[-119.747397689079,36.5866526204825],[-119.747370848523,36.5865369055128],[-119.747343924076,36.586421202049],[-119.747316923569,36.5863055110075],[-119.747289851484,36.5861898305985],[-119.747262714537,36.5860741608362],[-119.747235518332,36.5859584990333],[-119.747208269581,36.5858428461039],[-119.747180973889,36.5857271993606],[-119.74715363685,36.5856115597152],[-119.747126265182,36.5854959253826],[-119.747098861129,36.5853802954676],[-119.747071432524,36.5852646699871],[-119.747043982727,36.5851490480486],[-119.74701651622,36.585033427862],[-119.746989037478,36.5849178103367],[-119.746961547625,36.5848021936756],[-119.746934052255,36.5846865787904],[-119.746906552491,36.584570963884],[-119.746879050569,36.584455349861],[-119.746851546493,36.5843397358216],[-119.7468240425,36.5842241217706],[-119.74495999728083,36.57638764262523]]}},{"type":"Feature","id":"CP2-3:158","properties":{"id":"CP2-3:158","cp":"CP2-3","status":"guideway_complete","sourceId":"cvsr"},"geometry":{"type":"LineString","coordinates":[[-119.74495999728083,36.57638764262523],[-119.743733854813,36.5712320347001],[-119.743706360274,36.5711164202305],[-119.74367886582,36.5710008048494],[-119.743651370329,36.5708851903541],[-119.743623871564,36.5707695758398],[-119.743596369523,36.5706539622063],[-119.743568860849,36.5705383494463],[-119.743541342182,36.5704227384524],[-119.743513810166,36.5703071292171],[-119.743486261441,36.5701915226329],[-119.743458692647,36.5700759195923],[-119.743431098191,36.5699603200832],[-119.743403472475,36.569844724993],[-119.743375812136,36.5697291361141],[-119.743348110461,36.5696135534318],[-119.743320361854,36.5694979778336],[-119.743292559594,36.5693824111045],[-119.743264700326,36.569266853237],[-119.743236775095,36.5691513051116],[-119.743208779422,36.5690357685178],[-119.743180707707,36.5689202443433],[-119.743152552121,36.568804732571],[-119.7431243093,36.5686892349929],[-119.743095970288,36.5685737533892],[-119.74306753285,36.5684582868551],[-119.743038990269,36.5683428371754],[-119.743010336943,36.5682274061375],[-119.74298156952,36.568111992834],[-119.742952684638,36.5679965990573],[-119.742923675585,36.5678812247926],[-119.742894542354,36.5677658718394],[-119.742865279355,36.5676505392855],[-119.742835886583,36.5675352289305],[-119.742806359562,36.5674199407645],[-119.742776699413,36.5673046747898],[-119.742746905016,36.5671894310039],[-119.742597598282,36.5666199488226],[-119.742444988666,36.5660510332421],[-119.742289079568,36.565482696656],[-119.742129874458,36.5649149514449],[-119.741967376876,36.5643478099766],[-119.741801590436,36.5637812846053],[-119.741632518823,36.5632153876714],[-119.741460165792,36.5626501315016],[-119.74128453517,36.5620855284081],[-119.741105630855,36.5615215906888],[-119.740923456817,36.5609583306269],[-119.74089383110528,36.560868455409974]]}},{"type":"Feature","id":"CP2-3:134","properties":{"id":"CP2-3:134","cp":"CP2-3","status":"under_construction","sourceId":"cvsr"},"geometry":{"type":"LineString","coordinates":[[-119.74089383110528,36.560868455409974],[-119.740738017096,36.5603957604903],[-119.740549315802,36.5598338925318],[-119.740357357118,36.5592727389887],[-119.740162145295,36.5587123120823],[-119.739963684657,36.558152624018],[-119.739923155556,36.5580395319911],[-119.739882495576,36.5579264720486],[-119.739841703606,36.5578134423882],[-119.739800780764,36.5577004430122],[-119.739759730407,36.557587473928],[-119.739718554773,36.5574745351404],[-119.739677254984,36.5573616257519],[-119.739635836641,36.5572487439752],[-119.73959430086,36.5571358907123],[-119.739552654358,36.5570230641786],[-119.739510900497,36.5569102634815],[-119.739469043753,36.5567974877309],[-119.739427089728,36.5566847351396],[-119.739385044015,36.5565720057198],[-119.739342911101,36.5564592958823],[-119.739300697695,36.5563466065415],[-119.739258410517,36.5562339359126],[-119.739216052932,36.5561212813037],[-119.739173632771,36.5560086427321],[-119.739131155633,36.5558960184103],[-119.739088627122,36.5557834056515],[-119.739046052827,36.5556708053676],[-119.739003439475,36.5555582139746],[-119.73896079042,36.5554456314797],[-119.73891811238,36.5553330560981],[-119.738875409835,36.55522048694],[-119.738832686142,36.555107923113],[-119.738789946903,36.5549953628299],[-119.738747194353,36.5548828060957],[-119.73870443297,36.5547702520205],[-119.738661664999,36.5546576988096],[-119.738618893795,36.5545451464705],[-119.738576119359,36.5544325950032],[-119.738533343926,36.5543200444126],[-119.738490568624,36.5542074929017],[-119.73588157920729,36.54734204098009]]}},{"type":"Feature","id":"CP2-3:145","properties":{"id":"CP2-3:145","cp":"CP2-3","status":"under_construction","sourceId":"cvsr"},"geometry":{"type":"LineString","coordinates":[[-119.73588157920729,36.54734204098009],[-119.735095038123,36.5452720389466],[-119.735040609355,36.5451287910145],[-119.734986179676,36.5449855421468],[-119.734931747961,36.5448422941405],[-119.73487730973,36.5446990487852],[-119.734822860512,36.5445558051708],[-119.734768394706,36.5444125659844],[-119.734713906715,36.5442693321128],[-119.734659385346,36.5441261062305],[-119.734604824997,36.543982891024],[-119.734550215597,36.5438396873703],[-119.734495548191,36.5436964979488],[-119.734440811581,36.5435533263331],[-119.734385996813,36.5434101743026],[-119.734331094933,36.5432670436367],[-119.734276095867,36.5431239370119],[-119.734220991775,36.5429808571096],[-119.734165774822,36.5428378057118],[-119.734110437177,36.5426947837003],[-119.734054974354,36.5425517946641],[-119.733999381883,36.542408837693],[-119.733943654165,36.542265914574],[-119.733887791199,36.5421230262065],[-119.733497706715,36.5411357683349],[-119.733101096377,36.5401501955877],[-119.732697971679,36.5391663359058],[-119.732288344302,36.5381842171802],[-119.732228580503,36.5380423617798],[-119.732168681469,36.5379005429247],[-119.732108649438,36.5377587606198],[-119.732048488887,36.5376170139753],[-119.731988203175,36.537475302099],[-119.731927799022,36.5373336223065],[-119.73186728314,36.5371919746128],[-119.731806662252,36.537050355434],[-119.731745946427,36.536908763893],[-119.73168514351,36.5367671955085],[-119.731624263571,36.5366256494035],[-119.731563316688,36.5364841220019],[-119.731502311818,36.5363426106242],[-119.731441257915,36.5362011134915],[-119.731380163938,36.5360596270247],[-119.73131903996,36.5359181494472],[-119.731257892701,36.535776678075],[-119.731196728873,36.5356352120234],[-119.731135555198,36.5354937486085],[-119.731074375033,36.535352286938],[-119.731013191737,36.5352108261198],[-119.730952007549,36.5350693652592],[-119.72672782015,36.5253014226094],[-119.72668914992,36.5252119917235],[-119.726650480897,36.5251225617241],[-119.726611810849,36.5250331308063],[-119.726573140888,36.5249437007725],[-119.726534468782,36.5248542707174],[-119.726495793408,36.5247648415385],[-119.726457115886,36.5246754132382],[-119.726418433978,36.5245859858114],[-119.726379745441,36.5244965610524],[-119.726341049162,36.5244071380589],[-119.726302344021,36.5243177168283],[-119.726263627773,36.5242283000547],[-119.726224898183,36.5241388868331],[-119.726186151899,36.5240494771557],[-119.72614738891,36.5239600737219],[-119.726108604749,36.5238706747217],[-119.726069798287,36.5237812837516],[-119.726030965055,36.5236918990017],[-119.725992103928,36.5236025231686],[-119.725953210431,36.523513156242],[-119.725914281211,36.5234237982139],[-119.725875315139,36.5233344517813],[-119.725836307741,36.5232451178333],[-119.725797255663,36.5231557954625],[-119.725758154425,36.5230664873576],[-119.725719002908,36.522977193516],[-119.725679795515,36.5228879157243],[-119.725640530007,36.5227986548771],[-119.725601203025,36.5227094118661],[-119.725561808976,36.5226201875782],[-119.725522346739,36.5225309829104],[-119.725482811834,36.5224417996519],[-119.725443200907,36.5223526377947],[-119.725403510595,36.5222635000304],[-119.725363736428,36.5221743854487],[-119.725323877278,36.5220852967462],[-119.725283927555,36.5219962339098],[-119.725243883901,36.5219071978314],[-119.725203745192,36.521818190308],[-119.725163506953,36.5217292122287],[-119.725123166943,36.5216402644881],[-119.725082721809,36.5215513470782],[-119.725042169308,36.5214624617932],[-119.725001506083,36.5213736095251],[-119.724960729895,36.5212847911682],[-119.724919839625,36.52119600672],[-119.724878830795,36.5211072579694],[-119.724837703403,36.521018545816],[-119.724796455214,36.5209298693547],[-119.724755083988,36.5208412303799],[-119.724713588606,36.5207526288887],[-119.724671966825,36.5206640666754],[-119.724630218649,36.5205755428399],[-119.724588342958,36.5204870582795],[-119.72454633863,36.5203986138912],[-119.724504204551,36.5203102087724],[-119.724461941832,36.5202218447251],[-119.724419548242,36.5201335208443],[-119.724234866747,36.5197519958598],[-119.724047752833,36.5193712393871],[-119.72404170217357,36.51935910955347]]}},{"type":"Feature","id":"CP2-3:129","properties":{"id":"CP2-3:129","cp":"CP2-3","status":"under_construction","sourceId":"cvsr"},"geometry":{"type":"LineString","coordinates":[[-119.72404170217357,36.51935910955347],[-119.723858211474,36.5189912614729],[-119.723666247706,36.5186120721429],[-119.723471866631,36.5182336814022],[-119.723275073413,36.5178560992346],[-119.72307587328,36.5174793356022],[-119.722874271522,36.5171034004457],[-119.722670273495,36.5167283036835],[-119.722463884615,36.5163540552119],[-119.722255110363,36.5159806649047],[-119.722043956281,36.5156081426127],[-119.721830427974,36.515236498164],[-119.72161453111,36.5148657413632],[-119.72139627142,36.5144958819914],[-119.721175654695,36.5141269298057],[-119.72100795845907,36.51385012742506]]}},{"type":"Feature","id":"CP2-3:103","properties":{"id":"CP2-3:103","cp":"CP2-3","status":"under_construction","sourceId":"cvsr"},"geometry":{"type":"LineString","coordinates":[[-119.72100795845907,36.51385012742506],[-119.720952686788,36.5137588945394],[-119.720727373617,36.5133917859013],[-119.720499721157,36.5130256135758],[-119.720269735448,36.5126603872223],[-119.72003742259,36.5122961164751],[-119.719802788744,36.5119328109433],[-119.719565840132,36.5115704802102],[-119.719326583036,36.5112091338335],[-119.71913927966247,36.51092971931944]]}},{"type":"Feature","id":"CP2-3:119","properties":{"id":"CP2-3:119","cp":"CP2-3","status":"structure_complete","sourceId":"cvsr"},"geometry":{"type":"LineString","coordinates":[[-119.71913927966247,36.51092971931944],[-119.719085023802,36.5108487813447],[-119.718841168831,36.5104894322488],[-119.71863793487758,36.51019356499955]]}},{"type":"Feature","id":"CP2-3:140","properties":{"id":"CP2-3:140","cp":"CP2-3","status":"under_construction","sourceId":"cvsr"},"geometry":{"type":"LineString","coordinates":[[-119.71863793487758,36.51019356499955],[-119.718595024589,36.5101310960245],[-119.7183465976,36.5097737821234],[-119.718095894449,36.5094174999701],[-119.717842921778,36.5090622589618],[-119.717587686293,36.5087080684684],[-119.717330194756,36.5083549378315],[-119.717070453989,36.508002876365],[-119.716808470873,36.5076518933543],[-119.716544252349,36.5073019980562],[-119.716277805416,36.5069531996988],[-119.71600913713,36.5066055074812],[-119.715738254607,36.5062589305729],[-119.715465165021,36.5059134781144],[-119.715189875604,36.5055691592158],[-119.714912393644,36.5052259829575],[-119.714632726489,36.5048839583899],[-119.714350881543,36.5045430945324],[-119.714066866267,36.504203400374],[-119.713780688179,36.5038648848727],[-119.713492354854,36.5035275569552],[-119.713201873924,36.5031914255168],[-119.712909253076,36.5028564994213],[-119.712614500054,36.5025227875003],[-119.712317622658,36.5021902985537],[-119.712018628744,36.5018590413485],[-119.711717526223,36.5015290246195],[-119.71141432306,36.5012002570686],[-119.711109027278,36.5008727473646],[-119.710801646952,36.500546504143],[-119.710492190214,36.500221536006],[-119.710180665249,36.4998978515218],[-119.709867080296,36.4995754592248],[-119.709551443649,36.4992543676153],[-119.709233763655,36.4989345851589],[-119.708914048715,36.4986161202869],[-119.708592307283,36.4982989813957],[-119.708268547868,36.4979831768465],[-119.707942779027,36.4976687149654],[-119.707615009376,36.4973556040427],[-119.707285247578,36.4970438523334],[-119.706953502352,36.4967334680563],[-119.706619782467,36.4964244593941],[-119.706284096744,36.4961168344931],[-119.705946454055,36.4958106014632],[-119.705606863325,36.4955057683772],[-119.705265333529,36.4952023432713],[-119.704921873692,36.4949003341441],[-119.704576492891,36.4945997489571],[-119.704229200252,36.494300595634],[-119.703880004952,36.4940028820606],[-119.703528916217,36.4937066160849],[-119.703175943325,36.4934118055164],[-119.702821095599,36.4931184581263],[-119.702464382415,36.4928265816472],[-119.702105813196,36.4925361837726],[-119.701745397414,36.4922472721571],[-119.701383144589,36.491959854416],[-119.70101906429,36.4916739381253],[-119.700653166133,36.4913895308211],[-119.700285459782,36.4911066399998],[-119.699915954948,36.4908252731177],[-119.69954466139,36.4905454375908],[-119.699171588911,36.4902671407948],[-119.698796747365,36.4899903900646],[-119.698420146649,36.4897151926944],[-119.698041796707,36.4894415559374],[-119.69783540207371,36.48929381844949]]}},{"type":"Feature","id":"CP2-3:164","properties":{"id":"CP2-3:164","cp":"CP2-3","status":"under_construction","sourceId":"cvsr"},"geometry":{"type":"LineString","coordinates":[[-119.69783540207371,36.48929381844949],[-119.697661707528,36.4891694870053],[-119.697279889149,36.4888989930689],[-119.696896351649,36.488630081257],[-119.696511105154,36.4883627586568],[-119.696124159835,36.4880970323136],[-119.695735525905,36.4878329092304],[-119.695345213624,36.487570396368],[-119.694953233295,36.4873095006447],[-119.694559595263,36.487050228936],[-119.694164309919,36.4867925880746],[-119.693767387696,36.4865365848502],[-119.693368839069,36.4862822260093],[-119.692968674557,36.4860295182548],[-119.692566904719,36.4857784682462],[-119.692163540159,36.4855290825993],[-119.69175859152,36.4852813678858],[-119.691352069489,36.4850353306335],[-119.690943984791,36.4847909773257],[-119.690534348195,36.4845483144015],[-119.690123170508,36.4843073482553],[-119.69006509535859,36.484273679982216]]}},{"type":"Feature","id":"CP2-3:155","properties":{"id":"CP2-3:155","cp":"CP2-3","status":"under_construction","sourceId":"cvsr"},"geometry":{"type":"LineString","coordinates":[[-119.69006509535859,36.484273679982216],[-119.68971046258,36.4840680852367],[-119.689296235299,36.4838305316504],[-119.688880499592,36.483594693756],[-119.688463266428,36.4833605777677],[-119.688044546813,36.4831281898546],[-119.687624351794,36.4828975361399],[-119.687202692453,36.4826686227012],[-119.686779579915,36.4824414555701],[-119.686355025339,36.4822160407322],[-119.685929039923,36.481992384127],[-119.685501634904,36.4817704916473],[-119.685072821554,36.4815503691396],[-119.684642611182,36.4813320224038],[-119.684211015134,36.4811154571927],[-119.683778044793,36.4809006792123],[-119.683343711578,36.4806876941215],[-119.683243243625,36.4806388130165],[-119.683142704994,36.4805900279146],[-119.683042095686,36.480541338816],[-119.682941414581,36.4804927457173],[-119.682840662802,36.4804442477216],[-119.682739841465,36.4803958448317],[-119.682638950574,36.4803475361476],[-119.682537992368,36.4802993207753],[-119.682436965732,36.480251197812],[-119.682335872909,36.4802031654637],[-119.682234715017,36.4801552237335],[-119.682133492065,36.4801073699216],[-119.682032207408,36.480059604037],[-119.681930859937,36.480011923377],[-119.681829451896,36.4799643261481],[-119.681727985523,36.4799168114561],[-119.681626461947,36.4798693766046],[-119.681524882289,36.4798220206966],[-119.681423247682,36.4797747401358],[-119.681321561484,36.4797275331316],[-119.681219824822,36.4796803978872],[-119.681118037706,36.4796333317029],[-119.681016204613,36.4795863327913],[-119.680914325559,36.4795393975529],[-119.680812402783,36.4794925250939],[-119.680710438538,36.4794457109212],[-119.680608433944,36.4793989541379],[-119.680506392367,36.4793522520536],[-119.680404313825,36.4793056001692],[-119.68030220167,36.4792589984936],[-119.680200057038,36.4792124425308],[-119.680097881059,36.4791659295842],[-119.679995678205,36.4791194587662],[-119.679893447379,36.4790730255746],[-119.679791191941,36.4790266282189],[-119.679688914136,36.4789802640055],[-119.679586613972,36.4789339311349],[-119.679484294813,36.4788876269167],[-119.679381956674,36.4788413477516],[-119.679279602908,36.4787950936487],[-119.679177234651,36.478748860112],[-119.679074853028,36.4787026453448],[-119.67897245916,36.4786564484503],[-119.678870055294,36.4786102667352],[-119.678767641437,36.4785640983999],[-119.678665219829,36.4785179425506],[-119.678562791601,36.478471795591],[-119.678460357871,36.4784256575243],[-119.678357919769,36.4783795256541],[-119.678255477293,36.4783333999803],[-119.67815303157,36.4782872787064],[-119.67805058372,36.4782411609356],[-119.677948133748,36.478195045768],[-119.677845683892,36.4781489323101],[-119.67774323192,36.4781028196558],[-119.677640781187,36.4780567078143],[-119.677538329459,36.4780105958797],[-119.677435877855,36.4779644838552],[-119.66922079764088,36.47426654171244]]}},{"type":"Feature","id":"CP2-3:152","properties":{"id":"CP2-3:152","cp":"CP2-3","status":"under_construction","sourceId":"cvsr"},"geometry":{"type":"LineString","coordinates":[[-119.66922079764088,36.47426654171244],[-119.657755115704,36.4691038399232],[-119.657640348732,36.4690521542152],[-119.657525583029,36.4690004692971],[-119.657410818607,36.4689487824698],[-119.65729605434,36.4688970955294],[-119.657181291358,36.4688454057799],[-119.657066530778,36.4687937132244],[-119.65695177373,36.4687420151668],[-119.65683702021,36.468690312507],[-119.65672227359,36.4686386007556],[-119.656607532757,36.4685868790097],[-119.656492801071,36.4685351454792],[-119.656378078541,36.4684833983649],[-119.656263368538,36.4684316331771],[-119.656148672189,36.4683798481198],[-119.656033991741,36.4683280405001],[-119.655919329439,36.468276207625],[-119.655804686419,36.4682243458987],[-119.655690066048,36.4681724517316],[-119.65557547057,36.468120523331],[-119.655460901126,36.4680685553012],[-119.655346362199,36.4680165449558],[-119.6552318538,36.4679644895957],[-119.655117381537,36.467912384738],[-119.655002944305,36.4678602276804],[-119.65488854659,36.4678080148366],[-119.654774191761,36.4677557426175],[-119.654659879833,36.4677034074238],[-119.654545614176,36.4676510056663],[-119.654431398149,36.4675985355553],[-119.654317232892,36.4675459925952],[-119.654203120651,36.4674933740932],[-119.65408906367,36.4674406782565],[-119.653975064203,36.4673879005927],[-119.653861124489,36.4673350402087],[-119.65374724566,36.4672820944086],[-119.653633428844,36.4672290604963],[-119.65351967628,36.4671759375788],[-119.653405990216,36.4671227229634],[-119.653292369544,36.4670694148474],[-119.653178817614,36.4670160132409],[-119.653065334436,36.4669625163443],[-119.652951921132,36.4669089232615],[-119.652838577702,36.4668552339925],[-119.65272530415,36.4668014476379],[-119.651879259488,36.4663949341532],[-119.651037243339,36.465983038001],[-119.650199308501,36.4655657850378],[-119.649365507512,36.4651432014559],[-119.648535892647,36.4647153137815],[-119.647710515917,36.4642821488739],[-119.646889429064,36.4638437339227],[-119.646072683558,36.4634000964469],[-119.645260330594,36.4629512642925],[-119.644452421087,36.4624972656316],[-119.643649005673,36.4620381289595],[-119.642850134701,36.4615738830941],[-119.642055858234,36.4611045571728],[-119.641266226042,36.4606301806519],[-119.640481287601,36.4601507833039],[-119.63970109209,36.4596663952157],[-119.638925688388,36.4591770467873],[-119.638155125071,36.458682768729],[-119.637389450405,36.4581835920601],[-119.63665524949448,36.45769713107414]]}},{"type":"Feature","id":"CP2-3:123","properties":{"id":"CP2-3:123","cp":"CP2-3","status":"under_construction","sourceId":"cvsr"},"geometry":{"type":"LineString","coordinates":[[-119.63665524949448,36.45769713107414],[-119.636628712351,36.4576795481067],[-119.63600411805498,36.45725898431872]]}},{"type":"Feature","id":"CP2-3:109","properties":{"id":"CP2-3:109","cp":"CP2-3","status":"guideway_complete","sourceId":"cvsr"},"geometry":{"type":"LineString","coordinates":[[-119.63600411805498,36.45725898431872],[-119.635872958554,36.4571706684998],[-119.635122236345,36.456656985173],[-119.634376592735,36.4561385303612],[-119.633636074414,36.4556153365975],[-119.63290072775,36.4550874367122],[-119.632170598779,36.4545548638298],[-119.631445733209,36.4540176513679],[-119.63120236991136,36.453834402817414]]}},{"type":"Feature","id":"CP2-3:117","properties":{"id":"CP2-3:117","cp":"CP2-3","status":"under_construction","sourceId":"cvsr"},"geometry":{"type":"LineString","coordinates":[[-119.63120236991136,36.453834402817414],[-119.630726176417,36.4534758330339],[-119.63041442591944,36.453237334490204]]}},{"type":"Feature","id":"CP2-3:108","properties":{"id":"CP2-3:108","cp":"CP2-3","status":"under_construction","sourceId":"cvsr"},"geometry":{"type":"LineString","coordinates":[[-119.63041442591944,36.453237334490204],[-119.63001197344,36.452929442824],[-119.629303168978,36.4523785150204],[-119.62859980739,36.4518230841891],[-119.62790193269,36.4512631851781],[-119.627209588545,36.450698853115],[-119.626522818272,36.4501301234045],[-119.62625142945869,36.44990179061666]]}},{"type":"Feature","id":"CP2-3:114","properties":{"id":"CP2-3:114","cp":"CP2-3","status":"under_construction","sourceId":"cvsr"},"geometry":{"type":"LineString","coordinates":[[-119.62625142945869,36.44990179061666],[-119.62615953646251,36.44982447606486]]}},{"type":"Feature","id":"CP2-3:168","properties":{"id":"CP2-3:168","cp":"CP2-3","status":"under_construction","sourceId":"cvsr"},"geometry":{"type":"LineString","coordinates":[[-119.62615953646251,36.44982447606486],[-119.625841664835,36.4495570317267],[-119.625166170842,36.4489796140346],[-119.624496378546,36.4483979065516],[-119.623832329836,36.4478119457694],[-119.62341101998591,36.447434214771974]]}},{"type":"Feature","id":"CP2-3:137","properties":{"id":"CP2-3:137","cp":"CP2-3","status":"under_construction","sourceId":"cvsr"},"geometry":{"type":"LineString","coordinates":[[-119.62341101998591,36.447434214771974],[-119.62317406624,36.447221768446],[-119.62252162892,36.4466274116026],[-119.62190260143457,36.44605440780088]]}},{"type":"Feature","id":"CP2-3:133","properties":{"id":"CP2-3:133","cp":"CP2-3","status":"guideway_complete","sourceId":"cvsr"},"geometry":{"type":"LineString","coordinates":[[-119.62190260143457,36.44605440780088],[-119.621875058667,36.4460289125222],[-119.621234395906,36.4454263087465],[-119.620599680683,36.444819638074],[-119.619970952673,36.4442089385572],[-119.619348251169,36.4435942485006],[-119.618731615086,36.4429756064579],[-119.61863107704002,36.44287308943609]]}},{"type":"Feature","id":"CP2-3:143","properties":{"id":"CP2-3:143","cp":"CP2-3","status":"structure_complete","sourceId":"cvsr"},"geometry":{"type":"LineString","coordinates":[[-119.61863107704002,36.44287308943609],[-119.61836609167838,36.44260288644045]]}},{"type":"Feature","id":"CP2-3:101","properties":{"id":"CP2-3:101","cp":"CP2-3","status":"guideway_complete","sourceId":"cvsr"},"geometry":{"type":"LineString","coordinates":[[-119.61836609167838,36.44260288644045],[-119.618121082952,36.44235305123],[-119.617516692914,36.4417266218621],[-119.616918482727,36.4410963576417],[-119.616326489758,36.4404622980955],[-119.61574075098,36.4398244829876],[-119.615161302972,36.4391829523164],[-119.614588181914,36.4385377463125],[-119.61414772966508,36.43803350535709]]}},{"type":"Feature","id":"CP2-3:112","properties":{"id":"CP2-3:112","cp":"CP2-3","status":"structure_complete","sourceId":"cvsr"},"geometry":{"type":"LineString","coordinates":[[-119.61414772966508,36.43803350535709],[-119.614021423589,36.437888905436],[-119.613983480018,36.43784472764608]]}},{"type":"Feature","id":"CP2-3:125","properties":{"id":"CP2-3:125","cp":"CP2-3","status":"guideway_complete","sourceId":"cvsr"},"geometry":{"type":"LineString","coordinates":[[-119.613983480018,36.43784472764608],[-119.613461063376,36.4372364703737],[-119.612907136251,36.436580482037],[-119.612359676785,36.4359209815591],[-119.611818719138,36.4352580102923],[-119.611284297062,36.4345916098054],[-119.610756443896,36.4339218218812],[-119.61053021239927,36.43362967284051]]}},{"type":"Feature","id":"CP2-3:160","properties":{"id":"CP2-3:160","cp":"CP2-3","status":"under_construction","sourceId":"cvsr"},"geometry":{"type":"LineString","coordinates":[[-119.61053021239927,36.43362967284051],[-119.610235192564,36.4332486885141],[-119.60973349035423,36.43258922786829]]}},{"type":"Feature","id":"CP2-3:106","properties":{"id":"CP2-3:106","cp":"CP2-3","status":"under_construction","sourceId":"cvsr"},"geometry":{"type":"LineString","coordinates":[[-119.60973349035423,36.43258922786829],[-119.609720575574,36.4325722519067],[-119.609212625015,36.4318925544679],[-119.608711372556,36.43120963881],[-119.608216849442,36.4305235477457],[-119.607729086497,36.4298343242858],[-119.607248114115,36.4291420116365],[-119.606773962263,36.428446653196],[-119.606306660479,36.4277482925529],[-119.605846237869,36.4270469734824],[-119.605392723104,36.4263427399442],[-119.60494614442,36.4256356360794],[-119.604506529618,36.4249257062077],[-119.604073906057,36.424212994825],[-119.603648300659,36.4234975466002],[-119.603229739899,36.4227794063725],[-119.602818249814,36.4220586191485],[-119.602413855991,36.4213352300996],[-119.602016583573,36.420609284559],[-119.601626457253,36.4198808280187],[-119.601243501274,36.419149906127],[-119.600867739429,36.4184165646853],[-119.600499195058,36.4176808496454],[-119.600137891044,36.4169428071063],[-119.599783849818,36.416202483312],[-119.5995964855697,36.41580125563609]]}},{"type":"Feature","id":"CP2-3:149","properties":{"id":"CP2-3:149","cp":"CP2-3","status":"under_construction","sourceId":"cvsr"},"geometry":{"type":"LineString","coordinates":[[-119.5995964855697,36.41580125563609],[-119.599437093351,36.4154599246477],[-119.599097643158,36.4147151776376],[-119.598765520292,36.4139682889414],[-119.598440745348,36.413219305352],[-119.598123338456,36.4124682737921],[-119.597813319285,36.4117152413112],[-119.597510707037,36.4109602550828],[-119.597215520449,36.4102033624017],[-119.596927777794,36.4094446106806],[-119.596647496873,36.4086840474472],[-119.59637469502,36.4079217203415],[-119.596109389099,36.4071576771125],[-119.595851595503,36.4063919656151],[-119.595601330152,36.4056246338077],[-119.595358608494,36.4048557297484],[-119.595123445503,36.4040853015927],[-119.594895855678,36.4033133975899],[-119.594675853043,36.4025400660805],[-119.59448481376022,36.401843273799244]]}},{"type":"Feature","id":"CP2-3:171","properties":{"id":"CP2-3:171","cp":"CP2-3","status":"under_construction","sourceId":"cvsr"},"geometry":{"type":"LineString","coordinates":[[-119.59448481376022,36.401843273799244],[-119.594463451145,36.4017653554927],[-119.594258663054,36.4009893143398],[-119.594061501361,36.4002119912172],[-119.59387197818,36.3994334347988],[-119.593690105145,36.3986536938344],[-119.593515893409,36.3978728171466],[-119.593349353646,36.3970908536276],[-119.593190496047,36.3963078522362],[-119.593039330322,36.3955238619948],[-119.592895865697,36.3947389319861],[-119.592760110919,36.3939531113503],[-119.592632074247,36.3931664492818],[-119.592511763458,36.3923789950263],[-119.592399185845,36.3915907978775],[-119.592294348215,36.3908019071743],[-119.592197256892,36.3900123722974],[-119.592107917712,36.3892222426664],[-119.592026336027,36.3884315677366],[-119.591952516703,36.387640396996],[-119.591886464117,36.3868487799621],[-119.591828182164,36.3860567661789],[-119.591777674249,36.3852644052136],[-119.591734943291,36.3844717466539],[-119.591699991722,36.3836788401044],[-119.591672821488,36.3828857351839],[-119.591669709452,36.3827796336179],[-119.591666735845,36.382673528928],[-119.591663900655,36.382567422914],[-119.591661202777,36.3824613137721],[-119.591658641089,36.3823552023985],[-119.591656214469,36.382249089689],[-119.591653919572,36.3821429747323],[-119.5916517564,36.3820368575283],[-119.591649719364,36.3819307389575],[-119.591647808466,36.3818246190199],[-119.59164601924,36.3817184977],[-119.591644348337,36.3816123749862],[-119.591642793524,36.3815062508708],[-119.591641348099,36.3814001262303],[-119.591640010952,36.381294000161],[-119.591638776495,36.3811878735434],[-119.591637640264,36.3810817463619],[-119.591636597794,36.3809756186012],[-119.591635643509,36.3808694893419],[-119.591634774051,36.3807633603721],[-119.591633983838,36.3806572316725],[-119.591633268417,36.3805511014278],[-119.591632622195,36.3804449714184],[-119.591632040709,36.3803388416288],[-119.591631518388,36.3802327102398],[-119.591631051868,36.3801265799395],[-119.591630634462,36.3800204489048],[-119.591630261701,36.3799143180201],[-119.591629930237,36.3798081872737],[-119.591629634493,36.3797020557465],[-119.591629371112,36.3795959252265],[-119.591629135639,36.3794897938985],[-119.59162892472,36.3793836626508],[-119.591628732775,36.3792775314638],[-119.591628558688,36.3791714003339],[-119.59162839911,36.3790652692493],[-119.591628249583,36.3789591372947],[-119.591628108979,36.3788530062659],[-119.591627973957,36.3787468752514],[-119.59162784452,36.3786407433514],[-119.59162771731,36.3785346123539],[-119.591627591218,36.3784284813553],[-119.591627466246,36.3783223494557],[-119.591627342386,36.3782162184547],[-119.59162052788454,36.3724122210498]]}},{"type":"Feature","id":"CP2-3:105","properties":{"id":"CP2-3:105","cp":"CP2-3","status":"under_construction","sourceId":"cvsr"},"geometry":{"type":"LineString","coordinates":[[-119.59162052788454,36.3724122210498],[-119.59160334604192,36.35777438220206]]}},{"type":"Feature","id":"CP2-3:146","properties":{"id":"CP2-3:146","cp":"CP2-3","status":"under_construction","sourceId":"cvsr"},"geometry":{"type":"LineString","coordinates":[[-119.59160334604192,36.35777438220206],[-119.59158567761632,36.3427162615342]]}},{"type":"Feature","id":"CP2-3:118","properties":{"id":"CP2-3:118","cp":"CP2-3","status":"under_construction","sourceId":"cvsr"},"geometry":{"type":"LineString","coordinates":[[-119.59158567761632,36.3427162615342],[-119.59158540692754,36.34248551857548]]}},{"type":"Feature","id":"CP2-3:121","properties":{"id":"CP2-3:121","cp":"CP2-3","status":"preconstruction","sourceId":"cvsr"},"geometry":{"type":"LineString","coordinates":[[-119.59158540692754,36.34248551857548],[-119.5915841670645,36.34142860594697]]}},{"type":"Feature","id":"CP2-3:128","properties":{"id":"CP2-3:128","cp":"CP2-3","status":"under_construction","sourceId":"cvsr"},"geometry":{"type":"LineString","coordinates":[[-119.5915841670645,36.34142860594697],[-119.59156376861553,36.32403597086046]]}},{"type":"Feature","id":"CP2-3:115","properties":{"id":"CP2-3:115","cp":"CP2-3","status":"under_construction","sourceId":"cvsr"},"geometry":{"type":"LineString","coordinates":[[-119.59156376861553,36.32403597086046],[-119.5915514447972,36.313524365495844]]}},{"type":"Feature","id":"CP2-3:107","properties":{"id":"CP2-3:107","cp":"CP2-3","status":"under_construction","sourceId":"cvsr"},"geometry":{"type":"LineString","coordinates":[[-119.5915514447972,36.313524365495844],[-119.59153384422781,36.29850703687914]]}},{"type":"Feature","id":"CP2-3:156","properties":{"id":"CP2-3:156","cp":"CP2-3","status":"under_construction","sourceId":"cvsr"},"geometry":{"type":"LineString","coordinates":[[-119.59153384422781,36.29850703687914],[-119.591506441473,36.2751146780313],[-119.591506328218,36.275017478044],[-119.591506214963,36.2749202780522],[-119.591506100594,36.274823078052],[-119.59150598845,36.2747258789549],[-119.591505877426,36.2746286789573],[-119.591505767516,36.274531478959],[-119.59150566095,36.2744342789679],[-119.591505558838,36.2743370798876],[-119.591505461189,36.2742398799185],[-119.591505371342,36.274142679972],[-119.591505288183,36.2740454800441],[-119.591505215055,36.2739482801467],[-119.591505153073,36.2738510802836],[-119.591505104465,36.2737538804624],[-119.591505071461,36.273656680691],[-119.591505055175,36.2735594809732],[-119.591505058951,36.2734622813207],[-119.591505086133,36.2733650817452],[-119.591505136724,36.2732678813466],[-119.591505215174,36.2731706819403],[-119.591505322607,36.2730734817304],[-119.59150546347,36.2729762825322],[-119.591505641117,36.2728790825576],[-119.591505856658,36.2727818827102],[-119.591506113437,36.2726846830018],[-119.59150641591,36.2725874834479],[-119.591506765192,36.2724902840522],[-119.591507166856,36.2723930848342],[-119.591507623131,36.2722958858018],[-119.591508136246,36.2721986869625],[-119.591508711772,36.2721014883359],[-119.591509350825,36.2720042899257],[-119.591510057861,36.2719070917475],[-119.591510836225,36.2718098938129],[-119.591511688145,36.2717126961298],[-119.591512619189,36.2716154996172],[-119.591513630475,36.2715183033792],[-119.591514727576,36.2714211074353],[-119.591515911601,36.2713239126892],[-119.591517185898,36.2712267182526],[-119.591518554925,36.271129524141],[-119.591520022016,36.2710323321658],[-119.591521588294,36.2709351405312],[-119.591523258212,36.2708379501525],[-119.591525033998,36.2707407610374],[-119.591526918996,36.2706435731976],[-119.591528915434,36.2705463866409],[-119.591531026656,36.2704492013789],[-119.591533253771,36.2703520183153],[-119.591535601235,36.2702548374656],[-119.591538069054,36.2701576579299],[-119.591540660566,36.2700604806198],[-119.591543379113,36.2699633055469],[-119.591546223577,36.2698661336071],[-119.591549198423,36.2697689630163],[-119.591552303643,36.2696717955741],[-119.591555541463,36.2695746312883],[-119.591558914114,36.2694774701667],[-119.59156006005739,36.26944571696842]]}},{"type":"Feature","id":"CP2-3:154","properties":{"id":"CP2-3:154","cp":"CP2-3","status":"guideway_complete","sourceId":"cvsr"},"geometry":{"type":"LineString","coordinates":[[-119.59156006005739,36.26944571696842],[-119.591562420484,36.2693803113054],[-119.591566062793,36.2692831565121],[-119.591569842159,36.2691860048906],[-119.591573759696,36.2690888564448],[-119.591577815399,36.2689917120746],[-119.591582009268,36.2688945717801],[-119.591586341301,36.2687974355611],[-119.59160671911,36.2683763631645],[-119.591629707669,36.2679553783509],[-119.59165530636,36.2675344916747],[-119.591683514497,36.2671137136877],[-119.591714331331,36.2666930549389],[-119.591747756046,36.2662725259739],[-119.591783787761,36.2658521373351],[-119.59182242553,36.265431899561],[-119.591863668341,36.2650118231864],[-119.591907515118,36.2645919187418],[-119.591953964718,36.2641721967531],[-119.592003015935,36.2637526677415],[-119.592054667496,36.2633333422234],[-119.592108918063,36.2629142307096],[-119.592165766235,36.2624953437057],[-119.592225210544,36.2620766917113],[-119.592287249457,36.26165828522],[-119.592351881376,36.2612401347191],[-119.59241910464,36.2608222506892],[-119.592488917521,36.2604046436043],[-119.592561318226,36.259987323931],[-119.5926363049,36.2595703021288],[-119.59271387562,36.2591535886494],[-119.5927940284,36.2587371939367],[-119.59287676119,36.2583211284263],[-119.592962071873,36.2579054025455],[-119.59304995827,36.2574900267131],[-119.593140418137,36.2570750113385],[-119.593233449165,36.2566603668225],[-119.59332904898,36.2562461035558],[-119.593427215146,36.25583223192],[-119.593527945161,36.2554187622862],[-119.593631236459,36.2550057050156],[-119.59365058396384,36.25493028302621]]}},{"type":"Feature","id":"CP2-3:141","properties":{"id":"CP2-3:141","cp":"CP2-3","status":"under_construction","sourceId":"cvsr"},"geometry":{"type":"LineString","coordinates":[[-119.59365058396384,36.25493028302621],[-119.59373708641,36.2545930704588],[-119.593845492322,36.2541808689557],[-119.593956451436,36.2537691108351],[-119.59406996093,36.2533578064145],[-119.59418601792,36.2529469660001],[-119.594304619457,36.2525365998859],[-119.594425762528,36.2521267183544],[-119.594549444057,36.2517173316753],[-119.594675660905,36.2513084501061],[-119.594804409869,36.2509000838911],[-119.594935687682,36.2504922432621],[-119.595069491016,36.250084938437],[-119.595205816477,36.2496781796205],[-119.595344660611,36.2492719770032],[-119.595486019899,36.2488663407618],[-119.595629890759,36.2484612810586],[-119.595776269548,36.2480568080413],[-119.595925152559,36.2476529318427],[-119.596076536023,36.2472496625806],[-119.596230416108,36.2468470103573],[-119.596386788919,36.2464449852596],[-119.596545650502,36.2460435973584],[-119.596706996837,36.2456428567086],[-119.596870823843,36.2452427733484],[-119.597037127379,36.2448433572998],[-119.59720590324,36.2444446185676],[-119.59737714716,36.2440465671397],[-119.597550854811,36.2436492129865],[-119.597727021805,36.243252566061],[-119.59790564369,36.242856636298],[-119.598086715955,36.2424614336145],[-119.598128817886,36.2423704133316],[-119.598171050971,36.2422794330753],[-119.598213412987,36.242188491938],[-119.598255903929,36.2420975908194],[-119.5982985238,36.2420067288195],[-119.598341271482,36.2419159068343],[-119.59838414587,36.2418251230599],[-119.598427146953,36.2417343792962],[-119.598470272513,36.2416436737354],[-119.598513521431,36.2415530072736],[-119.598556891482,36.2414623790032],[-119.598600382667,36.2413717889238],[-119.598643992762,36.2412812361281],[-119.598687720656,36.241190719712],[-119.598731561889,36.2411002405602],[-119.598775517578,36.2410097977763],[-119.598819583278,36.2409193895454],[-119.598863756759,36.2408290158595],[-119.598908038021,36.2407386767186],[-119.598952421497,36.2406483712037],[-119.59899690608,36.2405580984109],[-119.599041489544,36.2404678574326],[-119.599086169666,36.2403776473612],[-119.59913094088,36.2402874672776],[-119.599175803185,36.2401973171818],[-119.59922075325,36.2401071952624],[-119.599265786622,36.2400171006041],[-119.599310901072,36.2399270331995],[-119.599356093269,36.239836991237],[-119.599401362101,36.2397469738129],[-119.599446701999,36.2396569809081],[-119.599492110749,36.2395670098152],[-119.599537585003,36.2394770614226],[-119.599583121433,36.2393871330192],[-119.59962871892,36.2392972255011],[-119.599674371909,36.2392073361492],[-119.599720078175,36.2391174640563],[-119.599765834376,36.2390276092108],[-119.599811638289,36.238937770705],[-119.599857486581,36.2388479467278],[-119.599903375914,36.2387581363679],[-119.59994930295,36.2386683387138],[-119.599995266577,36.2385785537618],[-119.60004126346,36.2384887797005],[-119.600087290262,36.2383990156188],[-119.600133343647,36.2383092606052],[-119.600179423613,36.2382195146597],[-119.600225525714,36.2381297759673],[-119.600271647722,36.2380400445204],[-119.600317787418,36.2379503185115],[-119.600363944802,36.2378605979407],[-119.600410115418,36.2377708827928],[-119.600456297048,36.2376811712603],[-119.600502490799,36.2375914642469],[-119.600548692232,36.2375017590377],[-119.60059490134,36.2374120565328],[-119.600641115896,36.2373223567242],[-119.600687335909,36.2372326578125],[-119.600733559151,36.2371429597899],[-119.600779784504,36.2370532635525],[-119.6007877652258,36.23703777838611]]}},{"type":"Feature","id":"CP2-3:104","properties":{"id":"CP2-3:104","cp":"CP2-3","status":"guideway_complete","sourceId":"cvsr"},"geometry":{"type":"LineString","coordinates":[[-119.6007877652258,36.23703777838611],[-119.600826011976,36.2369635673006],[-119.60087224045,36.2368738719302],[-119.600918469929,36.2367841765414],[-119.6009646993,36.2366944811306],[-119.601010928562,36.2366047856975],[-119.602557022155,36.2336048840691],[-119.602603247688,36.2335151878731],[-119.602649473113,36.233425491655],[-119.602695698425,36.2333357963146],[-119.602741922523,36.2332460991486],[-119.602788145395,36.2331564028565],[-119.60283436705,36.2330667056385],[-119.602880585263,36.2329770065873],[-119.602926798913,36.2328873074989],[-119.602973009126,36.2327976056773],[-119.603019212552,36.2327079029111],[-119.603065408091,36.2326181964967],[-119.60311159462,36.2325284882302],[-119.603157771038,36.2324387754082],[-119.603203935113,36.232349058923],[-119.603250084622,36.2322593378672],[-119.603296218456,36.2321696113371],[-119.603342333282,36.2320798775217],[-119.603388427977,36.2319901382171],[-119.603434500327,36.2319003907159],[-119.603480545882,36.2318106341032],[-119.60352656464,36.2317208683792],[-119.603572552152,36.2316310926288],[-119.603618507308,36.2315413059484],[-119.603664425657,36.2314515074232],[-119.603710306094,36.2313616952495],[-119.603756145279,36.2312718694162],[-119.603801938759,36.2311820290082],[-119.603847685431,36.2310921722222],[-119.603893381953,36.2310022990469],[-119.603939023878,36.2309124076674],[-119.603984610098,36.2308224971802],[-119.604030136157,36.2307325675703],[-119.604075598723,36.2306426170266],[-119.604120996691,36.2305526437458],[-119.604166324487,36.2304626486089],[-119.604211579898,36.2303726289088],[-119.604256760695,36.2302825846381],[-119.604301862429,36.2301925148819],[-119.604346882881,36.2301024178331],[-119.604391818709,36.2300122934803],[-119.604436666577,36.2299221409125],[-119.60448142538,36.2298319583263],[-119.604526089548,36.229741745703],[-119.604570659093,36.2296515012429],[-119.604615128439,36.2295612258272],[-119.604659497601,36.2294709167563],[-119.604703762119,36.2293805749152],[-119.604747920888,36.2292901985005],[-119.604791969454,36.2291997874972],[-119.604835907821,36.2291093410056],[-119.604879733767,36.2290188581184],[-119.604923442836,36.2289283388208],[-119.604967036142,36.2288377831164],[-119.60501050924,36.2287471891909],[-119.60505386213,36.2286565570441],[-119.605097092584,36.2285658866687],[-119.605140198376,36.2284751780575],[-119.60518317951,36.2283844303105],[-119.605226034872,36.2282936434243],[-119.60526876224,36.2282028164915],[-119.605311362719,36.2281119513159],[-119.605353832982,36.2280210451864],[-119.605396174129,36.2279301008069],[-119.605438385059,36.227839115474],[-119.605480465766,36.2277480909876],[-119.605720580841,36.2272223906824],[-119.605956349427,36.2266954081831],[-119.606187761124,36.2261671669362],[-119.606414805726,36.2256376904434],[-119.606637473222,36.2251070022613],[-119.60674750101914,36.224838902520766]]}},{"type":"Feature","id":"CP2-3:157","properties":{"id":"CP2-3:157","cp":"CP2-3","status":"guideway_complete","sourceId":"cvsr"},"geometry":{"type":"LineString","coordinates":[[-119.60674750101914,36.224838902520766],[-119.606855753796,36.2245751259996],[-119.607069637828,36.2240420853205],[-119.607279115896,36.2235079039376],[-119.607484178771,36.2229726056147],[-119.607684817423,36.2224362141648],[-119.607881023021,36.2218987534491],[-119.608072786929,36.2213602473759],[-119.608260100711,36.2208207198993],[-119.608442956127,36.2202801950186],[-119.60862134514,36.2197386967769],[-119.608795259908,36.2191962492601],[-119.608964692791,36.2186528765957],[-119.609129636348,36.2181086029521],[-119.609290083339,36.2175634525372],[-119.609446026722,36.2170174495971],[-119.609597459659,36.2164706184158],[-119.609744375511,36.2159229833134],[-119.609886767841,36.2153745686451],[-119.610024630413,36.2148253988005],[-119.610157957194,36.2142754982022],[-119.610286742353,36.2137248913049],[-119.610410980259,36.2131736025938],[-119.610530665486,36.2126216565846],[-119.61064579281,36.212069077821],[-119.610756357211,36.2115158908747],[-119.610862353871,36.210962120344],[-119.610963778176,36.2104077908525],[-119.61097305831235,36.21035462297164]]}},{"type":"Feature","id":"CP2-3:102","properties":{"id":"CP2-3:102","cp":"CP2-3","status":"guideway_complete","sourceId":"cvsr"},"geometry":{"type":"LineString","coordinates":[[-119.61097305831235,36.21035462297164],[-119.611060625715,36.209852927048],[-119.611152892281,36.2092975536019],[-119.611240573872,36.2087416952075],[-119.611323666688,36.2081853765791],[-119.611402167137,36.207628622451],[-119.611476071826,36.2070714575765],[-119.611545377571,36.2065139067265],[-119.611610081392,36.2059559946884],[-119.611670180511,36.2053977462654],[-119.611725672359,36.2048391862751],[-119.611776554568,36.2042803395483],[-119.611822824978,36.2037212309281],[-119.611864481633,36.2031618852686],[-119.611901522782,36.2026023274341],[-119.61193394688,36.2020425822977],[-119.611961752586,36.2014826747403],[-119.611984938767,36.2009226296494],[-119.612003504492,36.2003624719184],[-119.612017449038,36.199802226445],[-119.612026771886,36.1992419181301],[-119.612031472723,36.1986815718771],[-119.612031551443,36.1981212125904],[-119.612027008142,36.1975608651747],[-119.612017843124,36.1970005545334],[-119.612004056898,36.1964403055678],[-119.61199738118255,36.19623714782622]]}},{"type":"Feature","id":"CP2-3:132","properties":{"id":"CP2-3:132","cp":"CP2-3","status":"structure_complete","sourceId":"cvsr"},"geometry":{"type":"LineString","coordinates":[[-119.61199738118255,36.19623714782622],[-119.61199431384674,36.196143801219755]]}},{"type":"Feature","id":"CP2-3:166","properties":{"id":"CP2-3:166","cp":"CP2-3","status":"under_construction","sourceId":"cvsr"},"geometry":{"type":"LineString","coordinates":[[-119.61199431384674,36.196143801219755],[-119.611985650178,36.195880143176],[-119.611962623883,36.1953200922517],[-119.611934979138,36.1947601776831],[-119.611902717272,36.1942004243518],[-119.61186583982,36.1936408571319],[-119.611824348522,36.1930815008882],[-119.611778245322,36.1925223804763],[-119.611727532371,36.1919635207402],[-119.611672212022,36.1914049465122],[-119.611612286833,36.1908466826111],[-119.611547759569,36.1902887538417],[-119.611478633197,36.189731184993],[-119.611404910887,36.1891740008378],[-119.611326596017,36.1886172261313],[-119.611243692164,36.1880608856096],[-119.611156203113,36.1875050039895],[-119.611064132849,36.1869496059665],[-119.610967485562,36.1863947162145],[-119.610866265646,36.1858403593839],[-119.610760477696,36.185286560101],[-119.610650126509,36.1847333429671],[-119.610535217087,36.1841807325569],[-119.610415754633,36.1836287534175],[-119.61029174455,36.1830774300678],[-119.610163192446,36.1825267869968],[-119.610030104128,36.1819768486629],[-119.609892485605,36.1814276394926],[-119.609750343087,36.1808791838795],[-119.609603682984,36.1803315061834],[-119.609452511905,36.1797846307289],[-119.609296836663,36.1792385818046],[-119.609136664265,36.1786933836615],[-119.608972001922,36.1781490605129],[-119.608802857042,36.1776056365323],[-119.608629237231,36.177063135853],[-119.608451150294,36.1765215825668],[-119.60844798137494,36.17651219837049]]}},{"type":"Feature","id":"CP2-3:130","properties":{"id":"CP2-3:130","cp":"CP2-3","status":"structure_complete","sourceId":"cvsr"},"geometry":{"type":"LineString","coordinates":[[-119.60844798137494,36.17651219837049],[-119.608268604234,36.1759810007227],[-119.608081607252,36.1754414143264],[-119.607890167744,36.1749028473387],[-119.607694294305,36.1743653236746],[-119.607493995726,36.1738288672026],[-119.607289280993,36.173293501743],[-119.607080159287,36.1727592510674],[-119.606866639986,36.1722261388971],[-119.606648732661,36.1716941889029],[-119.606426447079,36.171163424703],[-119.606199793199,36.1706338698628],[-119.605968781174,36.1701055478934],[-119.60590447003771,36.169961530052014]]}},{"type":"Feature","id":"CP2-3:136","properties":{"id":"CP2-3:136","cp":"CP2-3","status":"under_construction","sourceId":"cvsr"},"geometry":{"type":"LineString","coordinates":[[-119.60590447003771,36.169961530052014],[-119.605733421349,36.1695784822507],[-119.605493724264,36.1690526963346],[-119.605249700648,36.1685282134874],[-119.605001361422,36.1680050569931],[-119.6047487177,36.1674832500766],[-119.604491780783,36.1669628159024],[-119.604230562165,36.1664437775733],[-119.603965073528,36.1659261581301],[-119.603695326742,36.1654099805499],[-119.603421333867,36.1648952677453],[-119.603143107149,36.1643820425638],[-119.602860659023,36.1638703277859],[-119.602574002109,36.1633601461252],[-119.602283149214,36.1628515202263],[-119.601988113331,36.1623444726646],[-119.601688907636,36.1618390259451],[-119.60138554549,36.1613352025009],[-119.601078040439,36.1608330246931],[-119.600766406211,36.1603325148092],[-119.600450656716,36.1598336950619],[-119.60021830137767,36.159472572329236]]}},{"type":"Feature","id":"CP2-3:113","properties":{"id":"CP2-3:113","cp":"CP2-3","status":"under_construction","sourceId":"cvsr"},"geometry":{"type":"LineString","coordinates":[[-119.60021830137767,36.159472572329236],[-119.600130806047,36.1593365875892],[-119.599806868477,36.158841214452],[-119.59947885846,36.1583475976341],[-119.599421567922,36.1582622192368],[-119.599364153697,36.158176895282],[-119.599306619129,36.158091624881],[-119.599248963099,36.1580064089297],[-119.599191186726,36.1579212465319],[-119.599133291128,36.1578361367912],[-119.599075276295,36.1577510815074],[-119.59901714335,36.1576660788842],[-119.598958893411,36.1575811280253],[-119.598900527582,36.1574962307343],[-119.598842046989,36.1574113843149],[-119.598783454968,36.1573265896783],[-119.598724751527,36.1572418450246],[-119.59866593778,36.1571571503572],[-119.598607017065,36.1570725056877],[-119.598547991623,36.1569879083235],[-119.598488861449,36.1569033591644],[-119.598429629887,36.1568188573219],[-119.598370299176,36.1567344001035],[-119.598310871538,36.1566499884167],[-119.598251350322,36.1565656204729],[-119.598191736644,36.1564812953758],[-119.598132032735,36.156397012233],[-119.598072243062,36.1563127683598],[-119.598012368732,36.1562285646598],[-119.597952414206,36.1561443993483],[-119.597892379494,36.1560602706253],[-119.597832270166,36.1559761776098],[-119.597772087343,36.1558921185056],[-119.597711834369,36.1558080924241],[-119.597651514587,36.1557240984768],[-119.597591130232,36.1556401348713],[-119.597530684649,36.155556200719],[-119.597470180076,36.1554722933277],[-119.59740962096,36.1553884136124],[-119.597349008435,36.1553045579773],[-119.597288346954,36.1552207255374],[-119.597227638745,36.1551369163005],[-119.597166886047,36.1550531275742],[-119.597106092199,36.1549693593701],[-119.59704525944,36.1548856089957],[-119.596984391114,36.1548018755627],[-119.596923489451,36.1547181581786],[-119.596862557795,36.154634455955],[-119.596801597268,36.1545507670958],[-119.596740611218,36.1544670898125],[-119.596679602983,36.1543834241165],[-119.596618572569,36.1542997691079],[-119.596557522209,36.1542161229944],[-119.596496456361,36.1541324848914],[-119.596435375029,36.1540488538989],[-119.596374281557,36.1539652291285],[-119.596313175943,36.1538816105799],[-119.596252060429,36.1537979955614],[-119.596190937234,36.1537143849802],[-119.596129807477,36.1536307779403],[-119.596068672275,36.1535471735456],[-119.596007532746,36.1534635709001],[-119.59594638889,36.1533799700035],[-119.595885244044,36.1532963708676],[-119.595824097107,36.1532127716885],[-119.595762949185,36.15312917337],[-119.595701800284,36.1530455750122],[-119.595640651516,36.1529619766189],[-119.595579502876,36.1528783790901],[-119.588386543415,36.1430432019576],[-119.588322555313,36.1429556960465],[-119.588258567358,36.1428681900965],[-119.588194579548,36.1427806841077],[-119.588130590767,36.142693178976],[-119.588066599902,36.1426056746975],[-119.588002608065,36.1425181712762],[-119.587938610801,36.1424306695963],[-119.587874610331,36.1423431705657],[-119.587810602205,36.1422556741686],[-119.587746587524,36.1421681822088],[-119.587682561839,36.1420806946708],[-119.587618525144,36.1419932124543],[-119.587554474093,36.1419057373476],[-119.587490406455,36.1418182702427],[-119.587426321113,36.1417308120357],[-119.587362213606,36.1416433645107],[-119.587298081705,36.1415559285598],[-119.587233923179,36.1414685050751],[-119.587169734677,36.1413810967447],[-119.587105512854,36.1412937044566],[-119.58704125437,36.141206329099],[-119.586976956984,36.1411189733639],[-119.586912617349,36.1410316390393],[-119.586848231014,36.1409443261095],[-119.586783794622,36.1408570381624],[-119.586719305948,36.1407697751901],[-119.586654759415,36.1406825398727],[-119.586590153901,36.1405953340062],[-119.586525484944,36.1405081593745],[-119.586460749199,36.1404210177658],[-119.58639594221,36.1403339100642],[-119.586331062854,36.1402468380655],[-119.586266105555,36.1401598044498],[-119.586201068077,36.1400728110091],[-119.586135947083,36.1399858577314],[-119.586070739221,36.1398989473046],[-119.586005441144,36.1398120815168],[-119.585940051728,36.1397252621636],[-119.585874565412,36.1396384892254],[-119.585808982181,36.1395517654018],[-119.585743297576,36.1394650924769],[-119.585677510483,36.1393784704465],[-119.585611617556,36.1392919010985],[-119.585545617677,36.1392053853289],[-119.585479508612,36.1391189249294],[-119.585413288135,36.139032519892],[-119.585346955125,36.1389461720125],[-119.585280508465,36.1388598821868],[-119.585213945924,36.1387736513066],[-119.585147267508,36.138687478472],[-119.585080472089,36.1386013663784],[-119.585013559679,36.1385153132261],[-119.584946528036,36.1384293217065],[-119.584879379397,36.1383433900276],[-119.58448618554,36.1378444041998],[-119.584088990222,36.1373474974936],[-119.583687810315,36.1368526909192],[-119.583282662855,36.1363600053977],[-119.582873565049,36.1358694617602],[-119.582460534267,36.1353810807465],[-119.582043588044,36.134894883005],[-119.581622744082,36.1344108890911],[-119.581198020244,36.1339291194668],[-119.580769434559,36.1334495944998],[-119.580337005216,36.1329723344623],[-119.579900750565,36.1324973595305],[-119.579460689119,36.1320246897838],[-119.579016839549,36.1315543452034],[-119.578569220686,36.1310863456723],[-119.578117851519,36.1306207109737],[-119.577662751194,36.1301574607906],[-119.577203939015,36.129696614705],[-119.57674143444,36.1292381921967],[-119.576275257083,36.1287822126428],[-119.575805426713,36.1283286953169],[-119.575331963251,36.1278776593882],[-119.574854886771,36.1274291239206],[-119.574374217498,36.1269831078719],[-119.573889975809,36.1265396300933],[-119.573402182231,36.1260987093284],[-119.572910857438,36.1256603642123],[-119.572416022254,36.125224613271],[-119.57191769765,36.1247914749205],[-119.571415904743,36.1243609674662],[-119.570910664795,36.123933109102],[-119.570401999214,36.1235079179093],[-119.570314314748,36.1234351836379],[-119.570226530999,36.123362529031],[-119.570138646856,36.1232899540843],[-119.570050663435,36.1232174579019],[-119.569962582961,36.1231450404916],[-119.569874403215,36.123072700945],[-119.569786128646,36.1230004392783],[-119.569697758152,36.1229282536874],[-119.56960929284,36.122856145076],[-119.569520736062,36.1227841107563],[-119.569432087819,36.1227121507282],[-119.56934335035,36.1226402622997],[-119.56925452588,36.1225684454788],[-119.569165615536,36.1224966975696],[-119.569076622656,36.1224250185841],[-119.568987548372,36.1223534049264],[-119.568898396021,36.1222818566087],[-119.56880916673,36.1222103709349],[-119.568719864965,36.1221389452215],[-119.56863049073,36.1220675785683],[-119.568541048489,36.1219962682916],[-119.568451540478,36.1219250125996],[-119.568361968931,36.1218538097004],[-119.568272338318,36.1217826560105],[-119.568182649757,36.1217115506338],[-119.568092906604,36.1216404899828],[-119.568003111094,36.1215694722656],[-119.567913267687,36.1214984956985],[-119.567823378623,36.1214275575899],[-119.567733446146,36.1213566543478],[-119.567643473594,36.1212857859847],[-119.567553463211,36.1212149489088],[-119.56746341835,36.1211441404324],[-119.567373341246,36.1210733587638],[-119.567283235245,36.1210026021154],[-119.567193102588,36.1209318677953],[-119.567102945514,36.120861153112],[-119.567012767361,36.1207904580775],[-119.566922568153,36.1207197781923],[-119.566832353453,36.1206491134766],[-119.566742122158,36.1205784621266],[-119.566651878732,36.1205078214587],[-119.566561623187,36.120437189673],[-119.566471358858,36.1203665667818],[-119.566381086874,36.1202959500894],[-119.566290808351,36.1202253386998],[-119.566200524403,36.1201547326173],[-119.566110236161,36.120084128246],[-119.566019945841,36.1200135273941],[-119.565929654564,36.1199429282658],[-119.565839360111,36.119872329953],[-119.565749066937,36.1198017315721],[-119.565658772812,36.1197311340148],[-119.565568477741,36.1196605363813],[-119.562842823448,36.1175293567738],[-119.562754557818,36.1174603394022],[-119.562666293459,36.1173913219659],[-119.562578028152,36.1173223035564],[-119.562489765228,36.1172532850863],[-119.562401502468,36.1171842656472],[-119.562313242097,36.1171152452475],[-119.562224984124,36.1170462220873],[-119.562136729663,36.1169771961707],[-119.562048479835,36.116908165702],[-119.561960235752,36.1168391306853],[-119.561871998533,36.1167700902248],[-119.561783770413,36.1167010425291],[-119.561695551395,36.116631986698],[-119.561607344827,36.1165629209443],[-119.561519151828,36.1164938443721],[-119.561430973518,36.1164247551858],[-119.561342812139,36.1163556506938],[-119.561254669914,36.1162865309044],[-119.561166549084,36.1162173931262],[-119.561078451884,36.1161482355677],[-119.560990380542,36.1160790573372],[-119.560902337305,36.1160098548434],[-119.560814324402,36.1159406271946],[-119.560726345184,36.1158713717035],[-119.560638400776,36.1158020865746],[-119.560550494528,36.1157327691205],[-119.560462628671,36.1156634184496],[-119.560374806557,36.1155940318748],[-119.56028703042,36.1155246076045],[-119.560199302506,36.1154551420473],[-119.560111626156,36.115385634316],[-119.560024003606,36.1153160826189],[-119.559936437101,36.115246483365],[-119.559848929982,36.1151768356666],[-119.559761484489,36.1151071368326],[-119.559674102858,36.1150373850715],[-119.559586788434,36.114967578596],[-119.55949954346,36.1148977147148],[-119.55941236905,36.1148277925322],[-119.559325269671,36.1147578093653],[-119.55923824644,36.1146877643184],[-119.559151301596,36.1146176547002],[-119.559064437369,36.1145474796192],[-119.558977655999,36.1144772363842],[-119.558890959711,36.1144069250037],[-119.558804349627,36.1143365436822],[-119.558717827976,36.1142660915281],[-119.558631395888,36.1141955658461],[-119.558545054468,36.1141249675405],[-119.558458807068,36.1140542939242],[-119.55837265369,36.1139835449973],[-119.558286595455,36.1139127189643],[-119.558200633465,36.1138418176296],[-119.558114767741,36.1137708373936],[-119.558029001609,36.1136997800689],[-119.55794333285,36.1136286447473],[-119.557857763694,36.1135574305376],[-119.557772293023,36.1134861383357],[-119.557209267906,36.1130123071349],[-119.556650638477,36.1125350841662],[-119.556096435883,36.1120544961045],[-119.555546691021,36.1115705698124],[-119.555001434535,36.1110833323385],[-119.55446069682,36.1105928109159],[-119.553924508013,36.110099032961],[-119.55341209078026,36.109619969723134]]}},{"type":"Feature","id":"CP2-3:142","properties":{"id":"CP2-3:142","cp":"CP2-3","status":"guideway_complete","sourceId":"cvsr"},"geometry":{"type":"LineString","coordinates":[[-119.55341209078026,36.109619969723134],[-119.553392897998,36.1096020260715],[-119.5528658964,36.1091018180251],[-119.552343532585,36.1085984367779],[-119.551825835657,36.1080919104628],[-119.551312834459,36.1075822673879],[-119.550804557569,36.1070695360351],[-119.5503010333,36.1065537450581],[-119.549802289695,36.1060349232813],[-119.549308354533,36.1055130996976],[-119.548819255317,36.1049883034673],[-119.548335019283,36.1044605639162],[-119.54785567339,36.103929910534],[-119.547381244324,36.1033963729726],[-119.546911758494,36.1028599810443],[-119.546447242031,36.1023207647206],[-119.545987720787,36.10177875413],[-119.545533220333,36.1012339795566],[-119.545083765957,36.1006864714383],[-119.544639382665,36.1001362603651],[-119.544200095178,36.0995833770773],[-119.543765927929,36.099027852464],[-119.543336905064,36.0984697175611],[-119.54312867246071,36.09819424944226]]}},{"type":"Feature","id":"CP2-3:139","properties":{"id":"CP2-3:139","cp":"CP2-3","status":"structure_complete","sourceId":"cvsr"},"geometry":{"type":"LineString","coordinates":[[-119.54312867246071,36.09819424944226],[-119.542913050442,36.0979090035497],[-119.5429015663823,36.09789355321917]]}},{"type":"Feature","id":"CP2-3:163","properties":{"id":"CP2-3:163","cp":"CP2-3","status":"guideway_complete","sourceId":"cvsr"},"geometry":{"type":"LineString","coordinates":[[-119.5429015663823,36.09789355321917],[-119.542494387628,36.0973457417543],[-119.542080939899,36.0967799636414],[-119.541672730237,36.0962117008167],[-119.54126978133,36.0956409850249],[-119.540872115571,36.0950678481462],[-119.540479755057,36.094492322196],[-119.540092721586,36.0939144393221],[-119.539711036658,36.0933342318033],[-119.539334721472,36.0927517320478],[-119.538963796925,36.0921669725907],[-119.538598283613,36.0915799860931],[-119.538238201828,36.0909908053392],[-119.537883571556,36.0903994632355],[-119.537534412479,36.0898059928082],[-119.53719074397,36.0892104272018],[-119.536852585096,36.088612799677],[-119.536519954613,36.0880131436088],[-119.536192870969,36.087411492485],[-119.535871352299,36.0868078799038],[-119.535555416427,36.0862023395722],[-119.535245080865,36.0855949053042],[-119.534940362808,36.0849856110188],[-119.534641279139,36.0843744907379],[-119.534347846424,36.0837615785848],[-119.534060080912,36.0831469087819],[-119.533777998535,36.082530515649],[-119.533501614906,36.0819124336013],[-119.533230945319,36.0812926971477],[-119.532966004748,36.0806713408883],[-119.532706807845,36.0800483995131],[-119.532453368943,36.0794239077997],[-119.532205702048,36.0787979006115],[-119.531963820848,36.0781704128956],[-119.531727738703,36.0775414796809],[-119.531692517011,36.0774462181243],[-119.531657427891,36.0773509255822],[-119.53162247024,36.0772556002503],[-119.531587646276,36.0771602430375],[-119.531552952659,36.0770648548306],[-119.531518389386,36.0769694356298],[-119.531483956465,36.0768739845351],[-119.531449651654,36.0767785042377],[-119.531415473852,36.0766829929333],[-119.531381420824,36.0765874524132],[-119.531347491453,36.0764918835727],[-119.531313684633,36.0763962855078],[-119.531279997016,36.0763006600051],[-119.53124642638,36.0762050070557],[-119.531212971606,36.0761093275554],[-119.531179629353,36.0760136223908],[-119.531146396281,36.0759178924486],[-119.531113270166,36.0758221377201],[-119.531080248779,36.0757263590963],[-119.531047328779,36.075630557464],[-119.531014506825,36.0755347337099],[-119.530981779576,36.0754388887208],[-119.530949143691,36.0753430233832],[-119.530916595836,36.0752471376839],[-119.530884132664,36.0751512334095],[-119.530851750833,36.0750553114469],[-119.53081944701,36.0749593717825],[-119.530787216741,36.0748634152988],[-119.530755057791,36.0747674437867],[-119.530722964603,36.0746714572241],[-119.530690936054,36.0745754574065],[-119.530658966585,36.0744794443117],[-119.53062705286,36.0743834179263],[-119.530595192641,36.0742873809415],[-119.530563380368,36.0741913333349],[-119.53053161493,36.0740952751022],[-119.530499890756,36.0739992080211],[-119.53046820562,36.0739031329826],[-119.530436556184,36.0738070499735],[-119.530404940221,36.0737109598848],[-119.530373352172,36.0736148626942],[-119.530341792021,36.0735187611017],[-119.53031025422,36.0734226532851],[-119.530278738758,36.0733265410444],[-119.530247240071,36.0732304252571],[-119.530215759272,36.0731343059279],[-119.530184290795,36.0730381839344],[-119.530152834648,36.0729420583767],[-119.530121387478,36.0728459319412],[-119.53009911576584,36.07277783133827]]}},{"type":"Feature","id":"CP2-3:144","properties":{"id":"CP2-3:144","cp":"CP2-3","status":"structure_complete","sourceId":"cvsr"},"geometry":{"type":"LineString","coordinates":[[-119.53009911576584,36.07277783133827],[-119.530089949296,36.0727498028281],[-119.53007214979225,36.07269536671088]]}},{"type":"Feature","id":"CP2-3:124","properties":{"id":"CP2-3:124","cp":"CP2-3","status":"under_construction","sourceId":"cvsr"},"geometry":{"type":"LineString","coordinates":[[-119.53007214979225,36.07269536671088],[-119.530058516756,36.0726536728239],[-119.530027088747,36.0725575419242],[-119.529995664157,36.0724614101246],[-119.529964242981,36.0723652783249],[-119.529932823,36.0722691456163],[-119.52990140421,36.0721730128988],[-119.529869985504,36.0720768792679],[-119.529838567983,36.071980746528],[-119.528811131861,36.0688368792667],[-119.528775535917,36.0687279510261],[-119.528739938956,36.0686190236638],[-119.528704340985,36.0685100962799],[-119.528668741998,36.0684011697742],[-119.528633138665,36.0682922432335],[-119.528597529865,36.0681833184531],[-119.528561914491,36.0680743945287],[-119.528526288086,36.0679654732422],[-119.528490648421,36.0678565554847],[-119.528454992168,36.0677476403428],[-119.528419315974,36.0676387305029],[-119.528383614283,36.0675298259427],[-119.528347883755,36.0674209275487],[-119.528312121054,36.0673120353074],[-119.528276318379,36.0672031527873],[-119.528240473511,36.0670942790796],[-119.528204580882,36.0669854159617],[-119.528168633818,36.0668765643067],[-119.528132627867,36.0667677249966],[-119.528096558566,36.0666589007134],[-119.528060419247,36.0665500914301],[-119.528024205458,36.0664412980288],[-119.52798791052,36.0663325222824],[-119.527951531086,36.0662237659774],[-119.527915060488,36.0661150290868],[-119.52787849427,36.0660063133926],[-119.527841829086,36.0658976206813],[-119.527805058267,36.0657889509257],[-119.527768178473,36.0656803050124],[-119.527731185249,36.0655716847233],[-119.527694076365,36.0654630909493],[-119.527656846259,36.0653545245679],[-119.52761949382,36.0652459855744],[-119.527582014597,36.0651374748509],[-119.52754440858,36.065028994197],[-119.527506672439,36.0649205426993],[-119.527468803947,36.0648121212488],[-119.527430804211,36.0647037307496],[-119.527392671007,36.0645953711928],[-119.527105342043,36.063791632854],[-119.526810674125,36.0629896388459],[-119.526508683631,36.0621894331222],[-119.52619938734,36.0613910595373],[-119.525882802427,36.0605945618438],[-119.525558946468,36.0597999836903],[-119.525227837435,36.0590073686188],[-119.524889493693,36.0582167600625],[-119.524543934007,36.0574282013434],[-119.52419117753,36.0566417356699],[-119.523831243812,36.0558574061343],[-119.523464152791,36.0550752557107],[-119.523089924797,36.0542953272526],[-119.522708580551,36.0535176634905],[-119.522320141157,36.0527423070296],[-119.521924628111,36.0519693003472],[-119.521522063291,36.051198685791],[-119.5213675629135,36.050908927520965]]}},{"type":"Feature","id":"CP2-3:131","properties":{"id":"CP2-3:131","cp":"CP2-3","status":"under_construction","sourceId":"cvsr"},"geometry":{"type":"LineString","coordinates":[[-119.5213675629135,36.050908927520965],[-119.52111246896,36.0504305055763],[-119.520695867766,36.0496648017837],[-119.520272282737,36.0489016163572],[-119.51984173728,36.0481409911014],[-119.519404255186,36.0473829676797],[-119.518959860618,36.0466275876116],[-119.518508578119,36.0458748922708],[-119.518050432606,36.0451249228828],[-119.517585449371,36.0443777205224],[-119.517113654076,36.0436333261121],[-119.516635072754,36.0428917804191],[-119.516149731811,36.0421531240538],[-119.51609856776969,36.0420766266167]]}},{"type":"Feature","id":"CP2-3:122","properties":{"id":"CP2-3:122","cp":"CP2-3","status":"under_construction","sourceId":"cvsr"},"geometry":{"type":"LineString","coordinates":[[-119.51609856776969,36.0420766266167],[-119.515657658015,36.0414173974669],[-119.515158878505,36.0406846409478],[-119.514653420783,36.0399548946222],[-119.514584877205,36.0398569082063],[-119.514516213445,36.0397589770469],[-119.514447429505,36.0396611011438],[-119.514378527599,36.0395632814059],[-119.514309508858,36.0394655151376],[-119.514240374393,36.0393678023435],[-119.514171127537,36.0392701430371],[-119.514101769413,36.0391725354229],[-119.514032303361,36.0390749786145],[-119.513962732726,36.0389774708256],[-119.513893060846,36.0388800111698],[-119.513823292184,36.0387825969656],[-119.513753428963,36.0386852282218],[-119.513683476761,36.0385879013616],[-119.513613437812,36.038490614594],[-119.513543318794,36.0383933661465],[-119.513473124157,36.0382961551374],[-119.513402857259,36.0381989779807],[-119.513332523672,36.0381018319991],[-119.513262128957,36.0380047163159],[-119.51319167536,36.03790762734],[-119.513121170664,36.0378105642037],[-119.513050618226,36.037713523321],[-119.512980022495,36.0376165038101],[-119.512909389051,36.0375195020941],[-119.512838721233,36.0374225172869],[-119.512768023502,36.0373255467069],[-119.51269730143,36.0372285876772],[-119.51262655613,36.0371316402024],[-119.512555793179,36.0370347007056],[-119.512485015911,36.0369377692007],[-119.512414225454,36.0368408429922],[-119.51234342737,36.0367439212034],[-119.512272621664,36.0366470029342],[-119.51220181168,36.0365500863985],[-119.512130998531,36.036453171601],[-119.51209679351838,36.036406359722776]]}},{"type":"Feature","id":"CP2-3:151","properties":{"id":"CP2-3:151","cp":"CP2-3","status":"under_construction","sourceId":"cvsr"},"geometry":{"type":"LineString","coordinates":[[-119.51209679351838,36.036406359722776],[-119.512060184444,36.0363562576507],[-119.51200044211322,36.03627449721196]]}},{"type":"Feature","id":"CP2-3:111","properties":{"id":"CP2-3:111","cp":"CP2-3","status":"under_construction","sourceId":"cvsr"},"geometry":{"type":"LineString","coordinates":[[-119.51200044211322,36.03627449721196],[-119.511989369424,36.0362593436479],[-119.511918554577,36.0361624304971],[-119.49468145776,36.0125643051302],[-119.49459066411,36.0124399616192],[-119.494499871865,36.0123156180338],[-119.494409084369,36.0121912725887],[-119.494318303855,36.0120669234933],[-119.494227535895,36.0119425680718],[-119.494136788281,36.0118182036576],[-119.494046067713,36.0116938248797],[-119.4939553842,36.0115694299812],[-119.49386474667,36.0114450127008],[-119.493774164036,36.0113205685768],[-119.493683646326,36.0111960931528],[-119.493593204676,36.0110715819768],[-119.493502846891,36.0109470305826],[-119.493412582997,36.0108224345137],[-119.493322420797,36.0106977893039],[-119.493232365858,36.0105730931776],[-119.493142424861,36.0104483434637],[-119.493052601156,36.0103235374769],[-119.492962896969,36.0101986743271],[-119.492254157734,36.0092041174355],[-119.491553103317,36.0082059944017],[-119.49091691902858,36.00728692001842]]}},{"type":"Feature","id":"CP2-3:167","properties":{"id":"CP2-3:167","cp":"CP2-3","status":"under_construction","sourceId":"cvsr"},"geometry":{"type":"LineString","coordinates":[[-119.49091691902858,36.00728692001842],[-119.49085976077,36.0072043441606],[-119.490174156838,36.0061992057825],[-119.490088450594,36.0060725043525],[-119.490002866052,36.005945749378],[-119.489917400992,36.0058189408496],[-119.489832052061,36.005692081453],[-119.489746812579,36.0055651738594],[-119.489661675869,36.0054382198401],[-119.489576634126,36.0053112238613],[-119.489491679546,36.0051841903894],[-119.489406800997,36.005057122976],[-119.489321989571,36.0049300251827],[-119.489237234119,36.0048029032611],[-119.489152525732,36.0046757607726],[-119.489067855495,36.0045486021786],[-119.48898321227,36.0044214319306],[-119.488898589384,36.0042942517996],[-119.48881398014,36.0041670662565],[-119.488729378976,36.0040398770772],[-119.488644780325,36.0039126860374],[-119.488560184175,36.0037854949373],[-119.487062970948,36.0015343532711],[-119.486978380036,36.0014071608587],[-119.486893787176,36.0012799692665],[-119.486809192369,36.0011527784943],[-119.486724590044,36.0010255912178],[-119.48663997463,36.0008984101129],[-119.486555339446,36.00077123785],[-119.486470676699,36.0006440770952],[-119.486385977475,36.0005169323094],[-119.486301231743,36.0003898088486],[-119.4862164306,36.000262709374],[-119.486131562905,36.0001356392365],[-119.486046618633,36.0000086028923],[-119.485961588869,35.9998816048021],[-119.485876464711,35.9997546476268],[-119.48579123835,35.9996277367321],[-119.485705901993,35.9995008747836],[-119.485620451187,35.9993740635615],[-119.485534881478,35.9992473048462],[-119.485449190632,35.9991206004276],[-119.48476972478,35.9981241617732],[-119.484082689116,35.9971311415338],[-119.483388110095,35.9961415775279],[-119.482686014456,35.9951555074409],[-119.482596378242,35.995030620137],[-119.482506621991,35.9949057907261],[-119.482416750165,35.9947810165274],[-119.48232676388,35.9946562966457],[-119.482236670935,35.9945316275149],[-119.482146478011,35.9944070064644],[-119.482056190685,35.9942824299184],[-119.481965820086,35.9941578943259],[-119.481875375141,35.9940333934259],[-119.481784865863,35.9939089245625],[-119.481694300062,35.9937844823698],[-119.481603691099,35.9936600615068],[-119.481513044559,35.9935356574978],[-119.481422371563,35.9934112676921],[-119.481331679929,35.9932868858238],[-119.481240975214,35.9931625110176],[-119.481150264105,35.9930381397029],[-119.481059548842,35.9929137691896],[-119.480968833867,35.9927893994972],[-119.474322867965,35.9836766010198],[-119.474232173679,35.9835522263543],[-119.474141479681,35.9834278525099],[-119.474050781529,35.9833034794664],[-119.473960076983,35.9831791099141],[-119.473869360475,35.9830547465278],[-119.473778624213,35.9829303919729],[-119.473687861504,35.9828060507192],[-119.473597064546,35.9826817272318],[-119.473506222217,35.9825574241608],[-119.473415325591,35.9824331477662],[-119.473324365762,35.9823089016079],[-119.473233332694,35.982184691941],[-119.473142217485,35.9820605214253],[-119.473051010107,35.9819363954156],[-119.472959704978,35.981812318387],[-119.472868294319,35.9816882912042],[-119.472776772542,35.981564319242],[-119.472685136316,35.9814404024852],[-119.47259338452,35.9813165427285],[-119.472087809238,35.9806379039065],[-119.471578695729,35.9799610073957],[-119.471066053216,35.9792858653347],[-119.470549890983,35.9786124898308],[-119.470455452059,35.9784899723783],[-119.470360898664,35.9783675146247],[-119.470266233038,35.9782451138796],[-119.470171457407,35.978122769253],[-119.470076578453,35.9780004780744],[-119.469981601752,35.9778782367689],[-119.469886535099,35.9777560417713],[-119.469791388527,35.9776338877267],[-119.469696168713,35.9775117719649],[-119.469600886805,35.9773896882359],[-119.469505551722,35.9772676311799],[-119.469410173481,35.9771455972418],[-119.469314759884,35.9770235819568],[-119.469219320968,35.97690157907],[-119.469123862297,35.9767795868065],[-119.469028392789,35.9766575998064],[-119.468932915781,35.9765356171848],[-119.468837436844,35.9764136362668],[-119.468741955989,35.9762916552524],[-119.46822975122062,35.975637280211856]]}},{"type":"Feature","id":"CP2-3:150","properties":{"id":"CP2-3:150","cp":"CP2-3","status":"under_construction","sourceId":"cvsr"},"geometry":{"type":"LineString","coordinates":[[-119.46822975122062,35.975637280211856],[-119.46750049485797,35.97470558510799]]}},{"type":"Feature","id":"CP2-3:159","properties":{"id":"CP2-3:159","cp":"CP2-3","status":"under_construction","sourceId":"cvsr"},"geometry":{"type":"LineString","coordinates":[[-119.46750049485797,35.97470558510799],[-119.463290348676,35.9693262023319],[-119.463194886532,35.9692042172055],[-119.463099424697,35.9690822310926],[-119.463003966508,35.9689602431087],[-119.462908515302,35.968838252369],[-119.46281307777,35.9687162544039],[-119.462717658373,35.9685942465338],[-119.462622266015,35.9684722251994],[-119.462526909609,35.9683501859416],[-119.462431595848,35.9682281242909],[-119.462336336986,35.9681060340032],[-119.462241140813,35.9679839124146],[-119.46214601737,35.9678617523707],[-119.462050975556,35.9677395512127],[-119.46195602429,35.9676173035812],[-119.461861170264,35.9674950050071],[-119.46176642126,35.9673726537264],[-119.461671781738,35.9672502470596],[-119.461577256162,35.9671277814274],[-119.461482845644,35.967005256835],[-119.461003689494,35.9663801343999],[-119.460527581129,35.9657534847745],[-119.460054527886,35.9651253177125],[-119.459584537055,35.964495642991],[-119.459492640563,35.9643718636181],[-119.459400860211,35.9642480279963],[-119.459309194895,35.9641241352207],[-119.459217641259,35.9640001888762],[-119.45912619263,35.9638761907324],[-119.459034844541,35.9637521443689],[-119.458943586972,35.9636280542401],[-119.458852412131,35.9635039230101],[-119.45876131221,35.9633797560434],[-119.458670274968,35.9632555577838],[-119.458579293705,35.9631313336007],[-119.45848835729,35.963007087943],[-119.4583974557,35.9628828252647],[-119.458306582257,35.962758548235],[-119.458215728034,35.9626342631131],[-119.458124886361,35.9625099716683],[-119.458034051666,35.9623856765747],[-119.457943221718,35.9622613796225],[-119.45785239207,35.9621370816908],[-119.44714356478629,35.94747900556593]]}},{"type":"Feature","id":"CP2-3:165","properties":{"id":"CP2-3:165","cp":"CP2-3","status":"under_construction","sourceId":"cvsr"},"geometry":{"type":"LineString","coordinates":[[-119.44714356478629,35.94747900556593],[-119.437714585163,35.9345674731686],[-119.437636702599,35.9344608051754],[-119.437558821367,35.9343541362291],[-119.437480941468,35.9342474663297],[-119.437403065113,35.9341407963878],[-119.437325193439,35.9340341228087],[-119.437247328659,35.933927446503],[-119.437169475237,35.9338207638921],[-119.437091635386,35.9337140758866],[-119.437013814687,35.9336073780131],[-119.436936017584,35.933500669393],[-119.436858247426,35.9333939473422],[-119.436780510891,35.9332872091927],[-119.436702812437,35.9331804522659],[-119.436625158734,35.9330736747939],[-119.436547555357,35.9329668732032],[-119.436470006763,35.9328600448153],[-119.436392520739,35.9327531869675],[-119.43631510286,35.9326462960867],[-119.436237757577,35.9325393703942],[-119.436160492683,35.9324324063275],[-119.43608331263,35.932325402108],[-119.436006222985,35.9322183550626],[-119.435929228206,35.9321112625128],[-119.435852332744,35.9320041226799],[-119.435775541051,35.9318969337856],[-119.435698856467,35.931789694046],[-119.435622283446,35.9316824016828],[-119.435545823094,35.9315750567014],[-119.435469478755,35.931467657318],[-119.435393251545,35.9313602026383],[-119.435317141462,35.9312526926623],[-119.434757301444,35.9304548218988],[-119.434203981871,35.9296539660679],[-119.433657206742,35.9288501601961],[-119.433116999768,35.9280434394378],[-119.432583384368,35.9272338390738],[-119.432056383675,35.92642139451],[-119.431536020526,35.9256061412753],[-119.431022317469,35.9247881150204],[-119.430515296756,35.9239673515164],[-119.430014980346,35.9231438866528],[-119.429521389903,35.922317756436],[-119.429034546793,35.9214889969882],[-119.428554472087,35.9206576445452],[-119.42846619525557,35.92050210597643]]}},{"type":"Feature","id":"CP2-3:170","properties":{"id":"CP2-3:170","cp":"CP2-3","status":"under_construction","sourceId":"cvsr"},"geometry":{"type":"LineString","coordinates":[[-119.42846619525557,35.92050210597643],[-119.428081186556,35.9198237354548],[-119.427614710675,35.9189873061761],[-119.427155064616,35.9181483932765],[-119.426702268252,35.9173070334315],[-119.426256341155,35.9164632634219],[-119.425817302594,35.915617120133],[-119.425385171535,35.9147686405525],[-119.42495996664,35.9139178617693],[-119.424541706267,35.9130648209713],[-119.42447576067838,35.91292769298778]]}},{"type":"Feature","id":"CP2-3:120","properties":{"id":"CP2-3:120","cp":"CP2-3","status":"under_construction","sourceId":"cvsr"},"geometry":{"type":"LineString","coordinates":[[-119.42447576067838,35.91292769298778],[-119.424130408468,35.9122095554444],[-119.423726090989,35.9113521025703],[-119.423328771269,35.9104924998252],[-119.42293846644,35.9096307847782],[-119.42277302131482,35.90925792050974]]}},{"type":"Feature","id":"CP2-3:127","properties":{"id":"CP2-3:127","cp":"CP2-3","status":"under_construction","sourceId":"cvsr"},"geometry":{"type":"LineString","coordinates":[[-119.42277302131482,35.90925792050974],[-119.422555193326,35.9087669950892],[-119.42251168422987,35.908666866293466]]}},{"type":"Feature","id":"CP2-3:153","properties":{"id":"CP2-3:153","cp":"CP2-3","status":"under_construction","sourceId":"cvsr"},"geometry":{"type":"LineString","coordinates":[[-119.42251168422987,35.908666866293466],[-119.422178968439,35.9079011685079],[-119.421809807986,35.9070333428714],[-119.421447727859,35.9061635561034],[-119.421092743643,35.9052918462116],[-119.42102214235562,35.90511455062085]]}},{"type":"Feature","id":"CP2-3:110","properties":{"id":"CP2-3:110","cp":"CP2-3","status":"under_construction","sourceId":"cvsr"},"geometry":{"type":"LineString","coordinates":[[-119.42102214235562,35.90511455062085],[-119.42081194463103,35.90458669227024]]}},{"type":"Feature","id":"CP2-3:148","properties":{"id":"CP2-3:148","cp":"CP2-3","status":"under_construction","sourceId":"cvsr"},"geometry":{"type":"LineString","coordinates":[[-119.42081194463103,35.90458669227024],[-119.420744870607,35.9044182512869],[-119.420404123712,35.903542809501],[-119.420070517604,35.9026655591053],[-119.419744066615,35.9017865384288],[-119.419424784763,35.9009057858767],[-119.419112685753,35.9000233399286],[-119.418807782973,35.8991392391367],[-119.418510089496,35.8982535221243],[-119.418219618078,35.897366227584],[-119.417936381159,35.8964773942762],[-119.417660390861,35.895587061027],[-119.417391658989,35.8946952667268],[-119.417130197029,35.8938020503287],[-119.416876016149,35.8929074508463],[-119.416629127196,35.8920115073525],[-119.41642873321837,35.89126103588644]]}},{"type":"Feature","id":"CP2-3:161","properties":{"id":"CP2-3:161","cp":"CP2-3","status":"guideway_complete","sourceId":"cvsr"},"geometry":{"type":"LineString","coordinates":[[-119.41642873321837,35.89126103588644],[-119.416389540699,35.8911142589776],[-119.416157266866,35.8902157449075],[-119.415932315587,35.8893160043823],[-119.415714696428,35.8884150766939],[-119.415504418634,35.8875130011851],[-119.415301491131,35.8866098172475],[-119.415105922522,35.8857055643196],[-119.414917721085,35.8848002818851],[-119.41473689478,35.8838940094718],[-119.414563451241,35.882986786649],[-119.414397397779,35.8820786530263],[-119.414238741383,35.8811696482517],[-119.414087488717,35.8802598120099],[-119.413943646123,35.8793491840205],[-119.413807219616,35.8784378040365],[-119.413678214888,35.8775257118421],[-119.413556637308,35.8766129472514],[-119.413442491917,35.8756995501066],[-119.41342763124,35.8755760853353],[-119.413412904861,35.875452609526],[-119.413398313881,35.8753291235844],[-119.413383853871,35.8752056265881],[-119.413369525925,35.875082120343],[-119.413355323397,35.8749586039156],[-119.413341245171,35.8748350782004],[-119.413327286805,35.8747115440752],[-119.413313441651,35.8745880006067],[-119.413299707479,35.8744644495838],[-119.413286076527,35.8743408909676],[-119.41327254325,35.8742173247303],[-119.413259100981,35.8740937526387],[-119.413245744184,35.8739701737648],[-119.41323246509,35.8738465889697],[-119.413219258141,35.8737230000258],[-119.413206115582,35.873599405994],[-119.413193030748,35.8734758086411],[-119.413179995883,35.873352207028],[-119.413167006545,35.8732286020325],[-119.41315405496,35.8731049954157],[-119.413141134488,35.8729813853442],[-119.413128241783,35.8728577745014],[-119.41311536909,35.8727341619482],[-119.413102514191,35.8726105476736],[-119.413089670422,35.8724869334441],[-119.41307683557,35.8723633183487],[-119.413064006309,35.8722397023706],[-119.413051180417,35.8721160863988],[-119.413038355674,35.871992470422],[-119.41302553208,35.8718688544403],[-119.41274061728521,35.86912231016391]]}},{"type":"Feature","id":"CP2-3:138","properties":{"id":"CP2-3:138","cp":"CP2-3","status":"structure_complete","sourceId":"cvsr"},"geometry":{"type":"LineString","coordinates":[[-119.41274061728521,35.86912231016391],[-119.41273776656634,35.869094828612035]]}},{"type":"Feature","id":"CP2-3:135","properties":{"id":"CP2-3:135","cp":"CP2-3","status":"guideway_complete","sourceId":"cvsr"},"geometry":{"type":"LineString","coordinates":[[-119.41273776656634,35.869094828612035],[-119.40904808409468,35.83350944710863]]}},{"type":"Feature","id":"CP2-3:169","properties":{"id":"CP2-3:169","cp":"CP2-3","status":"structure_complete","sourceId":"cvsr"},"geometry":{"type":"LineString","coordinates":[[-119.40904808409468,35.83350944710863],[-119.40903843894155,35.83341638179681]]}},{"type":"Feature","id":"CP2-3:162","properties":{"id":"CP2-3:162","cp":"CP2-3","status":"under_construction","sourceId":"cvsr"},"geometry":{"type":"LineString","coordinates":[[-119.40903843894155,35.83341638179681],[-119.406048003577,35.8045513443773]]}},{"type":"Feature","id":"CP4:201","properties":{"id":"CP4:201","cp":"CP4","status":"guideway_complete","sourceId":"arcgis_progress"},"geometry":{"type":"LineString","coordinates":[[-119.406048003577,35.8045513443773],[-119.40548200839,35.7990856818236],[-119.405469861481,35.7989683774303],[-119.40545771461,35.7988510730272],[-119.405445567768,35.7987337695145],[-119.405433416533,35.7986164659695],[-119.405421262012,35.7984991623978],[-119.405409100875,35.7983818596827],[-119.405396929799,35.7982645578071],[-119.405384745468,35.798147255854],[-119.405372542331,35.7980299555955],[-119.405360320386,35.7979126570315],[-119.405348071882,35.7977953601225],[-119.405335793494,35.7976780648515],[-119.405323478564,35.7975607729849],[-119.40531112156,35.7974434835944],[-119.405298716931,35.7973261984518],[-119.405286260266,35.7972089148342],[-119.405273743778,35.7970916372029],[-119.405261160835,35.7969743637234],[-119.405248508108,35.7968570952791],[-119.405235776729,35.7967398327248],[-119.405222960052,35.7966225760267],[-119.405210055856,35.7965053260735],[-119.405197055288,35.7963880819199],[-119.405183955002,35.7962708462493],[-119.405170747255,35.7961536181219],[-119.405157428709,35.7960363993211],[-119.405143993841,35.7959191880184],[-119.405130440422,35.7958019860026],[-119.405116761801,35.7956847941399],[-119.405102956869,35.7955676124247],[-119.405089021197,35.7954504408343],[-119.405074952571,35.7953332793573],[-119.405060750984,35.7952161288938],[-119.405046412014,35.7950989885211],[-119.405031937861,35.7949818600507],[-119.40496518992,35.7944549996576],[-119.404895669329,35.7939283759943],[-119.404823377415,35.7934019986991],[-119.404748315561,35.7928758774055],[-119.404670485195,35.7923500217425],[-119.404589887798,35.7918244413335],[-119.404506524903,35.791299145797],[-119.404420398092,35.7907741447462],[-119.404331508996,35.7902494477886],[-119.4042398593,35.7897250645257],[-119.404145450736,35.7892010045535],[-119.404048285088,35.7886772774616],[-119.40394836419,35.7881538928335],[-119.403845689927,35.7876308602462],[-119.403740264233,35.7871081892699],[-119.403632089094,35.7865858894682],[-119.403521166544,35.7860639703978],[-119.403407498669,35.7855424416079],[-119.403291087604,35.7850213126408],[-119.403171935535,35.7845005930309],[-119.403050044696,35.7839802923053],[-119.402925417374,35.7834604199829],[-119.402798055903,35.7829409855748],[-119.402667962669,35.7824219985839],[-119.402535140108,35.7819034685047],[-119.402399590702,35.7813854048231],[-119.402261316988,35.7808678170163],[-119.40212032155,35.7803507145528],[-119.401976607021,35.7798341068916],[-119.401830176084,35.7793180034831],[-119.401681031473,35.7788024137677],[-119.401529175971,35.7782873471765],[-119.401374612408,35.777772813131],[-119.401217343666,35.7772588210424],[-119.401057372677,35.776745380312],[-119.400894702418,35.776232500331],[-119.40072933592,35.77572019048],[-119.400561276261,35.7752084601289],[-119.400390526567,35.774697318637],[-119.400217090015,35.7741867753525],[-119.40004096983,35.7736768396127],[-119.399862169286,35.7731675207434],[-119.399680691705,35.7726588280591],[-119.39949654046,35.7721507708625],[-119.399309718971,35.7716433584446],[-119.399120230706,35.7711366000845],[-119.398928079183,35.7706305050491],[-119.398733267967,35.7701250825929],[-119.398535800674,35.7696203419581],[-119.398335680966,35.7691162923742],[-119.398132912553,35.7686129430579],[-119.397927499196,35.7681103032128],[-119.397719444702,35.7676083820296],[-119.397508752925,35.7671071886854],[-119.397295427769,35.766606732344],[-119.397079473186,35.7661070221556],[-119.396860893175,35.7656080672564],[-119.396639691782,35.7651098767689],[-119.396415873103,35.7646124598011],[-119.396189441279,35.764115825447],[-119.395960400501,35.763619982786],[-119.395728755005,35.7631249408828],[-119.395494509076,35.7626307087875],[-119.395257667045,35.7621372955349],[-119.395018233293,35.761644710145],[-119.394776212245,35.7611529616223],[-119.394531608374,35.760662058956],[-119.394284426201,35.7601720111195],[-119.394034670292,35.7596828270704],[-119.393782345262,35.7591945157506],[-119.39352745577,35.7587070860856],[-119.393270006525,35.7582205469848],[-119.393010002279,35.7577349073411],[-119.392747447833,35.7572501760308],[-119.392482348033,35.7567663619135],[-119.392214707772,35.7562834738317],[-119.391944531988,35.7558015206111],[-119.391671825666,35.7553205110599],[-119.391396593838,35.754840453969],[-119.39111884158,35.7543613581118],[-119.390838574014,35.7538832322439],[-119.390555796308,35.7534060851029],[-119.390270513677,35.7529299254087],[-119.389982731379,35.7524547618626],[-119.389692454719,35.7519806031478],[-119.389399689047,35.751507457929],[-119.389104439757,35.751035334852],[-119.388806712291,35.7505642425442],[-119.388506512132,35.7500941896134],[-119.388203844812,35.7496251846488],[-119.387898715905,35.74915723622],[-119.387591131029,35.7486903528773],[-119.38728109585,35.7482245431513],[-119.386968616076,35.747759815553],[-119.386653697459,35.7472961785732],[-119.386336345796,35.7468336406828],[-119.38601656693,35.7463722103325],[-119.385694366744,35.7459118959526],[-119.385369751168,35.7454527059529],[-119.385042726175,35.7449946487223],[-119.384713297781,35.7445377326292],[-119.384381472047,35.7440819660207],[-119.384047255076,35.7436273572229],[-119.383710653016,35.7431739145408],[-119.383371672056,35.7427216462576],[-119.383030318431,35.7422705606351],[-119.382686598415,35.7418206659134],[-119.38234051833,35.7413719703105],[-119.381992084535,35.7409244820227],[-119.381641303438,35.7404782092237],[-119.381288181484,35.7400331600653],[-119.380932725163,35.7395893426765],[-119.380574941008,35.7391467651637],[-119.380214835591,35.7387054356106],[-119.379852415531,35.738265362078],[-119.379487687484,35.7378265526036],[-119.379120658151,35.7373890152019],[-119.378751334273,35.736952757864],[-119.378379722633,35.7365177885573],[-119.378005830056,35.736084115226],[-119.377629663408,35.7356517457901],[-119.377251229596,35.735220688146],[-119.376870535568,35.7347909501656],[-119.376487588314,35.7343625396969],[-119.376102394862,35.7339354645635],[-119.375714962283,35.7335097325644],[-119.375325297689,35.7330853514739],[-119.374933408231,35.7326623290417],[-119.374846065852,35.7325685868251],[-119.374758614659,35.7324749141671],[-119.374671055787,35.7323813074731],[-119.374583389238,35.7322877667428],[-119.374495618323,35.7321942928939],[-119.374407743058,35.7321008841258],[-119.374319766785,35.7320075377557],[-119.374231692824,35.7319142538013],[-119.374143522304,35.7318210295678],[-119.374055260773,35.7317278632845],[-119.373966911574,35.7316347522684],[-119.373878475834,35.731541693825],[-119.373789963522,35.7314486871073],[-119.373701373568,35.7313557276086],[-119.373612713733,35.73126281357],[-119.373523988474,35.7311699414146],[-119.373435200032,35.7310771075534],[-119.37334635617,35.7309843102278],[-119.373257461344,35.7308915458608],[-119.373168518902,35.7307988108696],[-119.373079535501,35.7307061034894],[-119.372990513389,35.7306134192314],[-119.372901459215,35.7305207572309],[-119.372812377456,35.7304281112109],[-119.372723271425,35.730335482089],[-119.372634145585,35.7302428653886],[-119.372545001058,35.730150259315],[-119.372455845606,35.7300576621098],[-119.372366679249,35.7299650710723],[-119.372277505316,35.7298724853204],[-119.372188327148,35.7297799021714],[-119.372099143632,35.7296873225196],[-119.372009959216,35.7295947436883],[-119.371920775021,35.7295021638831],[-119.371831589919,35.7294095857987],[-119.365603661786,35.7229439796251],[-119.365514491851,35.7228513963216],[-119.365425321031,35.7227588120382],[-119.365336151525,35.7226662285873],[-119.365246985574,35.7225736423803],[-119.365157822066,35.7224810543114],[-119.365068664326,35.7223884634986],[-119.364979515705,35.7222958663592],[-119.364890375096,35.7222032628873],[-119.36480125026,35.7221106513248],[-119.364712142332,35.7220180280773],[-119.364623053526,35.7219253931566],[-119.364533990526,35.7218327411983],[-119.364444955545,35.7217400722144],[-119.364355954152,35.7216473817344],[-119.364266989697,35.7215546661757],[-119.364178067712,35.7214619255689],[-119.364089192677,35.7213691536368],[-119.364000370129,35.7212763495099],[-119.363911604534,35.7211835087114],[-119.363822900339,35.7210906285653],[-119.363734261985,35.7209977072955],[-119.363645696149,35.7209047404377],[-119.363557205073,35.7208117244034],[-119.363468795396,35.7207186592292],[-119.363380469369,35.7206255404264],[-119.363292231439,35.720532365319],[-119.36320408604,35.7204391330313],[-119.363116036515,35.720345840881],[-119.363028086204,35.7202524861862],[-119.362940237328,35.7201590680588],[-119.362852491008,35.7200655847049],[-119.362764851671,35.719972036149],[-119.36267731933,35.7198784205909],[-119.362589897313,35.7197847371489],[-119.362502582293,35.7196909867051],[-119.362033064726,35.7191835929374],[-119.361566761088,35.7186742432225],[-119.361103683637,35.7181629510178],[-119.360643844547,35.7176497298316],[-119.360187255901,35.7171345932232],[-119.3597339297,35.716617554802],[-119.359283877856,35.7160986282274],[-119.358837112194,35.7155778272085],[-119.35839364445,35.7150551655035],[-119.357953486275,35.7145306569198],[-119.35751664923,35.7140043153131],[-119.357083144788,35.7134761545871],[-119.356652984333,35.7129461886937],[-119.356226179161,35.7124144316318],[-119.355802740477,35.7118808974475],[-119.355382679397,35.7113456002336],[-119.354966006948,35.7108085541292],[-119.354552734066,35.7102697733193],[-119.354142871596,35.7097292720343],[-119.353736430293,35.7091870645499],[-119.353333420821,35.7086431651865],[-119.352933853752,35.708097588309],[-119.352537739568,35.7075503483263],[-119.352145088657,35.7070014596907],[-119.351755911316,35.706450936898],[-119.351370217749,35.7058987944868],[-119.350988018068,35.7053450470382],[-119.350609322292,35.7047897091753],[-119.350234140348,35.7042327955628],[-119.349862482065,35.703674320907],[-119.349494357185,35.703114299955],[-119.34912977535,35.7025527474943],[-119.348768746111,35.7019896783526],[-119.348411278925,35.7014251073974],[-119.348057383152,35.7008590495356],[-119.347707068058,35.7002915197127],[-119.347360342816,35.6997225329132],[-119.3470172165,35.6991521041595],[-119.346677698091,35.6985802485117],[-119.346341796473,35.6980069810675],[-119.346009520433,35.6974323169613],[-119.345680878665,35.6968562713643],[-119.345355879763,35.6962788594835],[-119.345034532226,35.695700096562],[-119.344716844456,35.695119997878],[-119.344402824756,35.6945385787447],[-119.344092481334,35.6939558545099],[-119.343785822299,35.6933718405555],[-119.343482855663,35.6927865522969],[-119.343183589339,35.6922000051832],[-119.342888031143,35.691612214696],[-119.342596188791,35.6910231963496],[-119.342308069902,35.6904329656903],[-119.342023681996,35.6898415382962],[-119.341743032492,35.6892489297762],[-119.341466128712,35.6886551557707],[-119.341192977879,35.68806023195],[-119.340923587114,35.6874641740146],[-119.34065796344,35.6868669976945],[-119.34039611378,35.686268718749],[-119.340138044956,35.6856693529659],[-119.339883763691,35.6850689161616],[-119.339633276608,35.6844674241803],[-119.339386590226,35.6838648928937],[-119.339156655236,35.6832938324876],[-119.33893012979,35.6827218703546],[-119.338707019151,35.682149019972],[-119.3384873285,35.6815752948376],[-119.338271062937,35.6810007084694],[-119.338058227482,35.6804252744056],[-119.337848827073,35.679849006204],[-119.337642866567,35.6792719174417],[-119.337440350738,35.678694021715],[-119.337241284283,35.6781153326387],[-119.337045671812,35.6775358638462],[-119.336853517857,35.6769556289889],[-119.336664826866,35.676374641736],[-119.336479603208,35.675792915774],[-119.336297851166,35.6752104648066],[-119.336119574944,35.6746273025544],[-119.335944778663,35.6740434427542],[-119.335773466361,35.6734588991591],[-119.335605641995,35.672873685538],[-119.335441309439,35.6722878156753],[-119.335280472484,35.6717013033705],[-119.335123134838,35.671114162438],[-119.334969300128,35.6705264067065],[-119.334818971897,35.6699380500193],[-119.334672153606,35.669349106233],[-119.334528848632,35.6687595892183],[-119.334389060269,35.6681695128586],[-119.334252791729,35.6675788910506],[-119.334120046141,35.6669877377031],[-119.33399082655,35.6663960667376],[-119.333865135918,35.665803892087],[-119.333742977123,35.6652112276961],[-119.333624352961,35.6646180875208],[-119.333509266143,35.6640244855279],[-119.333397719298,35.6634304356947],[-119.333289714972,35.662835952009],[-119.333185255624,35.6622410484682],[-119.333084343633,35.6616457390794],[-119.332986981293,35.6610500378591],[-119.332893170814,35.6604539588323],[-119.332802914322,35.6598575160331],[-119.332716213859,35.6592607235035],[-119.332633071386,35.6586635952935],[-119.332553488775,35.6580661454608],[-119.332477467819,35.6574683880702],[-119.332405010224,35.6568703371937],[-119.332336117613,35.6562720069095],[-119.332270791525,35.6556734113024],[-119.332209033415,35.655074564463],[-119.332150844653,35.6544754804875],[-119.332096226526,35.6538761734775],[-119.332045180236,35.6532766575392],[-119.331997706902,35.6526769467838],[-119.331953807558,35.6520770553266],[-119.331913483154,35.6514769972868],[-119.331876734555,35.6508767867873],[-119.331843562544,35.6502764379542],[-119.331813967816,35.6496759649165],[-119.331787950985,35.649075381806],[-119.331765512581,35.6484747027567],[-119.331746653047,35.6478739419043],[-119.331731372744,35.6472731133865],[-119.331719671948,35.646672231342],[-119.33171155085,35.6460713099105],[-119.331710377674,35.6459535850342],[-119.331709340489,35.6458358591288],[-119.331708441498,35.6457181331072],[-119.331707676293,35.6456004051438],[-119.331707043753,35.6454826770325],[-119.331706542764,35.6453649496672],[-119.331706168928,35.6452472203219],[-119.331705917797,35.6451294916718],[-119.331705788275,35.6450117628105],[-119.331705774825,35.6448940346063],[-119.33170587304,35.6447763052335],[-119.331706078484,35.644658576467],[-119.331706383425,35.6445408473623],[-119.331706784538,35.6444231188006],[-119.33170726524601,35.64430803614721]]}},{"type":"Feature","id":"CP4:203","properties":{"id":"CP4:203","cp":"CP4","status":"not_started","sourceId":"arcgis_progress"},"geometry":{"type":"LineString","coordinates":[[-119.33170726524601,35.64430803614721],[-119.331707276296,35.6443053907501],[-119.331707850968,35.6441876622661],[-119.331708504116,35.6440699351238],[-119.331709229124,35.6439522074846],[-119.331710020456,35.643834480217],[-119.331710869267,35.6437167532702],[-119.331711773347,35.6435990266316],[-119.331712723853,35.6434813002503],[-119.331713716362,35.6433635741011],[-119.331714745347,35.643245848152],[-119.331715804175,35.6431281223652],[-119.331716889538,35.6430103958213],[-119.331717995892,35.6428926702891],[-119.33171911993,35.6427749448492],[-119.331720256117,35.6426572203702],[-119.331721403369,35.6425394941451],[-119.33172255613,35.642421769743],[-119.331723714422,35.6423040444632],[-119.331724874929,35.6421863182869],[-119.331726035424,35.6420685930015],[-119.33172719812,35.6419508686199],[-119.3317374064226,35.64091646321303]]}},{"type":"Feature","id":"CP4:202","properties":{"id":"CP4:202","cp":"CP4","status":"guideway_complete","sourceId":"arcgis_progress"},"geometry":{"type":"LineString","coordinates":[[-119.3317374064226,35.64091646321303],[-119.331761843281,35.6384401720982],[-119.332333315926,35.580485932168],[-119.332334125756,35.5804038412019],[-119.332334934472,35.5803217511252],[-119.332335743194,35.5802396601437],[-119.332336551914,35.5801575691576],[-119.332337358416,35.5800754790546],[-119.332338164916,35.5799933889469],[-119.332338969206,35.579911298822],[-119.3323397713,35.5798292068794],[-119.332340570064,35.5797471167137],[-119.332341364415,35.5796650256178],[-119.332342154339,35.5795829353922],[-119.332342937642,35.5795008442238],[-119.332343715413,35.5794187539194],[-119.332344484346,35.5793366635597],[-119.33234524224,35.5792545722317],[-119.332345990185,35.5791724817424],[-119.332346725978,35.5790903911788],[-119.332347448523,35.5790082996343],[-119.332348154499,35.5789262079902],[-119.332348843906,35.5788441162463],[-119.332349513423,35.5787620252841],[-119.332350161961,35.5786799332965],[-119.332350788399,35.5785978420779],[-119.332351390538,35.5785157507152],[-119.332351966174,35.5784336582956],[-119.332352511989,35.5783515657003],[-119.332353026868,35.578269473823],[-119.33235351082,35.5781873817637],[-119.332353957219,35.5781052894843],[-119.332354366064,35.5780231969848],[-119.33235473405,35.5779411033459],[-119.332355060048,35.5778590112621],[-119.332355341875,35.5777769180198],[-119.3323555762,35.5776948254006],[-119.332355759718,35.5776127324852],[-119.332355891333,35.5775306383671],[-119.332355968812,35.5774485457341],[-119.332355987754,35.5773664527607],[-119.332355947053,35.5772843594404],[-119.33235584339,35.5772022666543],[-119.33235567457,35.5771201725894],[-119.33235543837,35.5770380790335],[-119.332355130371,35.5769559859611],[-119.332354750567,35.5768738942726],[-119.332354294562,35.5767918012419],[-119.332353761238,35.576709708663],[-119.332353146168,35.5766276174109],[-119.332352448257,35.576545526579],[-119.332351664198,35.5764634352481],[-119.332350790663,35.5763813451995],[-119.332349828766,35.5762992555394],[-119.33234877187,35.57621716713],[-119.332347619985,35.576135079071],[-119.332346370895,35.5760529922501],[-119.332345020188,35.5759709057415],[-119.332343567859,35.5758888204456],[-119.332342009473,35.5758067381374],[-119.332340346159,35.5757246561226],[-119.332338571283,35.5756425752634],[-119.332336687047,35.5755604964726],[-119.332334690144,35.575478418831],[-119.332332577254,35.5753963432199],[-119.332330348371,35.5753142705395],[-119.332328001292,35.5752321998767],[-119.33232553381,35.575150131219],[-119.332322943716,35.5750680645537],[-119.332320230995,35.5749860016812],[-119.332317393453,35.5749039407884],[-119.33231442998,35.5748218827691],[-119.332311339455,35.5747398294175],[-119.332308119694,35.5746577780202],[-119.332304770688,35.5745757294774],[-119.332301290215,35.5744936855768],[-119.332297678281,35.5744116454184],[-119.332293933791,35.5743296080953],[-119.332290056715,35.5742475772087],[-119.332286045987,35.5741655482509],[-119.332281899367,35.5740835248102],[-119.332277619065,35.5740015068993],[-119.332273202888,35.5739194927049],[-119.332268651933,35.5738374831338],[-119.332263966193,35.573755479086],[-119.332222278064,35.5731075958575],[-119.332172118219,35.5724601114745],[-119.33211349257,35.5718130995403],[-119.332046407996,35.5711666336028],[-119.331970872333,35.5705207871461],[-119.331886894379,35.5698756335822],[-119.331794483891,35.5692312462424],[-119.331693651583,35.5685876983693],[-119.331584409125,35.5679450631084],[-119.331466769144,35.5673034134997],[-119.331340745218,35.5666628224695],[-119.331206351877,35.5660233628219],[-119.331063604604,35.5653851072309],[-119.330912519827,35.5647481282318],[-119.330753114921,35.5641124982133],[-119.330585408207,35.563478289409],[-119.330409418945,35.5628455738893],[-119.330225167336,35.5622144235533],[-119.33003267452,35.5615849101204],[-119.32983196257,35.5609571051226],[-119.329623054491,35.560331079896],[-119.32940597422,35.5597069055727],[-119.329180746617,35.5590846530731],[-119.32894739747,35.5584643930974],[-119.328705953484,35.557846196118],[-119.328456442284,35.5572301323712],[-119.328198892409,35.5566162718493],[-119.32793333331,35.5560046842929],[-119.327659795344,35.5553954391825],[-119.327378309773,35.5547886057312],[-119.32708890876,35.5541842528764],[-119.326791625365,35.5535824492725],[-119.32648649354,35.5529832632824],[-119.326173548127,35.5523867629703],[-119.325852824854,35.5517930160939],[-119.325524360326,35.5512020900965],[-119.32518819203,35.5506140520997],[-119.324844358322,35.5500289688956],[-119.324492898427,35.549446906939],[-119.324133852433,35.5488679323405],[-119.323767261287,35.5482921108583],[-119.323393166791,35.5477195078914],[-119.323011611596,35.5471501884715],[-119.322622639195,35.5465842172565],[-119.322226293925,35.5460216585223],[-119.321822620953,35.5454625761561],[-119.321411666277,35.544907033649],[-119.32099347672,35.5443550940888],[-119.320568099921,35.5438068201529],[-119.320135584334,35.5432622741012],[-119.319695979219,35.5427215177689],[-119.31924933464,35.5421846125597],[-119.318795701455,35.541651619439],[-119.318335131312,35.5411225989265],[-119.317867676647,35.5405976110897],[-119.317393390669,35.5400767155372],[-119.316912327365,35.5395599714118],[-119.316424541483,35.5390474373838],[-119.315930088534,35.5385391716443],[-119.315429024783,35.5380352318988],[-119.314921407239,35.5375356753607],[-119.314407293655,35.5370405587444],[-119.313886742516,35.5365499382595],[-119.313359813036,35.5360638696041],[-119.313292738885,35.5360027656123],[-119.313225562618,35.535941735701],[-119.31315828534,35.5358807798764],[-119.313090910362,35.5358198981581],[-119.313023433268,35.5357590905195],[-119.312955858475,35.535698356987],[-119.312888183782,35.5356376966468],[-119.312820410294,35.5355771095054],[-119.312752540218,35.5355165955755],[-119.312684573554,35.5354561548572],[-119.312616510318,35.5353957855497],[-119.312548351607,35.5353354885596],[-119.312480098532,35.535275262993],[-119.312411752197,35.5352151088563],[-119.312343313721,35.5351550243554],[-119.31227478421,35.5350950094966],[-119.312206164775,35.535035063386],[-119.312137456527,35.5349751851299],[-119.312068659475,35.5349153738276],[-119.311999779138,35.5348556295119],[-119.311930811117,35.5347959503558],[-119.311861760947,35.5347363345914],[-119.311792628612,35.534676784019],[-119.311723416359,35.5346172941504],[-119.31165412527,35.5345578676925],[-119.311584756495,35.5344984992504],[-119.311515312211,35.534439192438],[-119.311445794681,35.5343799409664],[-119.311376203873,35.5343207484365],[-119.311306544251,35.5342616094728],[-119.311236814695,35.5342025258692],[-119.311167018541,35.5341434949443],[-119.3110971569,35.5340845158044],[-119.311027232004,35.5340255857616],[-119.310957246053,35.5339667057292],[-119.310887200184,35.5339078721125],[-119.310817097706,35.5338490849311],[-119.310746936422,35.5337903432715],[-119.310676722985,35.5337316435719],[-119.310606458501,35.5336729858387],[-119.310536142985,35.5336143682714],[-119.310465778652,35.5335557899826],[-119.310395367735,35.5334972482845],[-119.310324913545,35.5334387431969],[-119.310254415002,35.533380272012],[-119.31018387653,35.5333218338561],[-119.310113299249,35.5332634269349],[-119.310042685375,35.5332050503612],[-119.309972034923,35.5331467023344],[-119.309901351213,35.5330883819739],[-119.309830635365,35.5330300874856],[-119.309759890706,35.5329718170887],[-119.309689117253,35.5329135689825],[-119.30961831611,35.5328553431735],[-119.309547490604,35.5327971378809],[-119.309476641848,35.5327389522109],[-119.309405772071,35.5326807834757],[-119.309334880173,35.5326226316689],[-119.309263970582,35.532564495016],[-119.309193043308,35.5325063726169],[-119.309122099462,35.5324482635776],[-119.309051142373,35.5323901661173],[-119.308980170943,35.5323320793293],[-119.308909187381,35.5322740032266],[-119.30883819392,35.5322159351216],[-119.308767190549,35.5321578759144],[-119.308696177287,35.5320998238045],[-119.30862515746,35.5320417770112],[-119.308554129956,35.531983736428],[-119.308483098103,35.5319257002741],[-119.308412061909,35.5318676676492],[-119.308341019159,35.5318096394406],[-119.308269975388,35.5317516138804],[-119.308198927291,35.5316935900488],[-119.308127878173,35.5316355688656],[-119.308056825843,35.5315775485172],[-119.307985773611,35.5315195290233],[-119.307914720373,35.5314615103774],[-119.307843667235,35.531403492586],[-119.307772613107,35.531345473842],[-119.307701559085,35.5312874550522],[-119.307630506258,35.5312294380238],[-119.296620285819,35.5222377051569]]}},{"type":"Feature","id":"LGA:gap:0","properties":{"id":"LGA:gap:0","cp":"LGA","status":"not_started","sourceId":"arcgis_progress"},"geometry":{"type":"LineString","coordinates":[[-119.296620285819,35.5222377051569],[-119.289345631994,35.5162950638957],[-119.289041928556,35.5160469421146],[-119.288738224826,35.5157988230847],[-119.288434506392,35.5155507139203],[-119.28813076542,35.5153026262776],[-119.287826978586,35.5150545762191],[-119.2875231281,35.5148065780408],[-119.287219197267,35.5145586469452],[-119.286915170529,35.5143107945404],[-119.286611040077,35.5140630297811],[-119.284729400538,35.5125340824292],[-119.28284360861,35.5110085725604],[-119.282538028448,35.5107620119103],[-119.282232343469,35.5105155388871],[-119.281926564792,35.5102691445557],[-119.281620704655,35.510022818187],[-119.281314781961,35.5097765445918],[-119.281008815619,35.5095303076806],[-119.280702823421,35.509284093158],[-119.280396818715,35.5090378894023],[-119.280090813726,35.5087916874857],[-119.263874673642,35.4957415270097],[-119.263793793345,35.4956764216583],[-119.263712913193,35.4956113153473],[-119.263632032064,35.4955462098704],[-119.263551152167,35.4954811052415],[-119.263470271311,35.4954159996459],[-119.263389388359,35.495350896678],[-119.263308505534,35.4952857945512],[-119.263227618424,35.4952206932373],[-119.263146731424,35.495155594565],[-119.263065840122,35.4950904985063],[-119.262984944508,35.4950254059614],[-119.262904042367,35.4949603178167],[-119.262823135889,35.4948952358866],[-119.262742222885,35.4948301583566],[-119.262661301131,35.4947650870134],[-119.262580369497,35.4947000245505],[-119.262499427983,35.4946349709682],[-119.262418474376,35.4945699271526],[-119.262337507553,35.4945048948972],[-119.262256527524,35.4944398733018],[-119.262175528729,35.4943748668326],[-119.262094514486,35.4943098746106],[-119.262013480366,35.4942448984079],[-119.261932425257,35.4941799391181],[-119.261851346917,35.4941150003281],[-119.26177024426,35.4940500802302],[-119.261689116149,35.4939851824187],[-119.261607958145,35.4939203095662],[-119.261526772471,35.493855459886],[-119.261445554664,35.493790638752],[-119.261364302532,35.4937258443493],[-119.26128301494,35.493661080272],[-119.261201690774,35.4935963474133],[-119.261120325588,35.4935316493462],[-119.26103891939,35.4934669851703],[-119.260957469948,35.4934023575725],[-119.260875975038,35.4933377683391],[-119.260794432435,35.4932732192565],[-119.26071284102,35.4932087121182],[-119.260631196363,35.4931442486966],[-119.260549500652,35.4930798308063],[-119.260467748355,35.4930154602125],[-119.260385939461,35.4929511378154],[-119.260304070637,35.4928868662947],[-119.260222139675,35.4928226456362],[-119.260140147635,35.4927584803484],[-119.260058090105,35.4926943704027],[-119.259975965972,35.4926303166926],[-119.259893773004,35.4925663219046],[-119.259811510081,35.4925023878321],[-119.259729177193,35.4924385153753],[-119.259646769912,35.4923747063064],[-119.259564287124,35.4923109615186],[-119.259481728804,35.4922472837125],[-119.259399091651,35.4921836719667],[-119.259316376724,35.4921201307894],[-119.259233580723,35.4920566592591],[-119.259150702528,35.4919932591692],[-119.25906774212,35.49192993232],[-119.258984697302,35.4918666777971],[-119.25890156804,35.4918034992013],[-119.258818351023,35.4917403965115],[-119.258735048458,35.4916773697415],[-119.258651658113,35.4916144215779],[-119.258568178884,35.4915515520135],[-119.258484609659,35.4914887619414],[-119.258400952655,35.4914260504752],[-119.258317204534,35.4913634202943],[-119.258233365288,35.491300872299],[-119.258149436029,35.4912384055958],[-119.258065414542,35.4911760210707],[-119.257981301931,35.4911137187305],[-119.257897097082,35.4910514994684],[-119.257812802211,35.4909893623979],[-119.257436876559,35.4907140814021],[-119.257059154786,35.4904404505636],[-119.256679646722,35.4901684798323],[-119.256298363332,35.4898981755643],[-119.255915316668,35.4896295459233],[-119.255530516575,35.4893625990591],[-119.255143974016,35.4890973413279],[-119.254755701034,35.488833781794],[-119.25436570748,35.4885719277068],[-119.253974006514,35.4883117863374],[-119.253580606883,35.4880533649284],[-119.253185521749,35.4877966707508],[-119.252788763156,35.4875417119691],[-119.252390339861,35.4872884949256],[-119.251990265012,35.4870370277922],[-119.251588549561,35.486787317826],[-119.25118520557,35.4865393713911],[-119.250780245091,35.486293195752],[-119.250373677973,35.4860487981592],[-119.249965517369,35.4858061858843],[-119.249555774237,35.4855653652849],[-119.249144461724,35.4853263445331],[-119.24873158969,35.4850891290791],[-119.248317170194,35.4848537252879],[-119.247901217475,35.4846201422393],[-119.2474837403,35.4843883844764],[-119.247064752913,35.4841584601792],[-119.246644267381,35.4839303748128],[-119.246222293554,35.483704134728],[-119.245798845685,35.483479747205],[-119.24537393582,35.4832572195097],[-119.24494757493,35.4830365562001],[-119.244519776172,35.482817763649],[-119.244090551581,35.4826008500231],[-119.24365991323,35.4823858198879],[-119.243227874273,35.4821726796167],[-119.242794445653,35.4819614364689],[-119.242359641644,35.4817520950249],[-119.241923473194,35.4815446616439],[-119.24148595345,35.4813391436004],[-119.241047095591,35.4811355445673],[-119.240606910556,35.4809338718049],[-119.2401654126,35.4807341316946],[-119.2397226138,35.4805363279029],[-119.239278527288,35.480340468605],[-119.238833164038,35.4801465574603],[-119.238386539415,35.479954599958],[-119.237938664354,35.479764603359],[-119.237489553135,35.4795765713448],[-119.237039216692,35.4793905111768],[-119.236587670408,35.479206426544],[-119.236134925234,35.4790243229075],[-119.235680994327,35.4788442057426],[-119.235225891947,35.4786660805326],[-119.234769630146,35.478489952746],[-119.2343122221,35.4783158260583],[-119.233853682056,35.4781437068534],[-119.233394022086,35.4779735987997],[-119.232933255343,35.4778055073738],[-119.232471394982,35.4776394380526],[-119.232008454165,35.4774753954126],[-119.231544447168,35.4773133831377],[-119.231079387151,35.4771534058047],[-119.230613286155,35.4769954697843],[-119.230146158463,35.4768395778603],[-119.22967801833,35.476685735518],[-119.229208876709,35.4765339473204],[-119.228738750088,35.4763842160669],[-119.228267649402,35.4762365481212],[-119.227795590044,35.4760909453756],[-119.227322584052,35.4759474142017],[-119.226848645705,35.4758059573849],[-119.226373789256,35.4756665804117],[-119.225898026786,35.4755292851527],[-119.22542137365,35.4753940771024],[-119.224943841911,35.4752609599322],[-119.224465446941,35.4751299373364],[-119.223986200803,35.4750010129871],[-119.223506117774,35.4748741896709],[-119.223025212104,35.4747494728758],[-119.222543498078,35.4746268644886],[-119.22206098774,35.4745063699829],[-119.221577696486,35.474387990353],[-119.221093637463,35.4742717310803],[-119.220608823852,35.474157594045],[-119.220123271022,35.4740455829431],[-119.21963699323,35.4739357023635],[-119.219150002562,35.4738279532796],[-119.218662314378,35.4737223402882],[-119.218173941857,35.4736188652705],[-119.217684899266,35.4735175319163],[-119.217195200867,35.4734183439154],[-119.21670485985,35.4733213022494],[-119.216213891572,35.4732264115162],[-119.215722309221,35.4731336726981],[-119.215230128155,35.4730430903934],[-119.214737360459,35.4729546655772],[-119.214244021507,35.4728684010479],[-119.213750125562,35.4727843004968],[-119.213255685811,35.472702364907],[-119.212760717628,35.4726225970776],[-119.212265235294,35.4725449989001],[-119.211769250865,35.4724695740516],[-119.211272780836,35.4723963235387],[-119.210775839486,35.4723252492536],[-119.21027843888,35.4722563539739],[-119.209780595504,35.4721896396071],[-119.209282322543,35.4721251071383],[-119.208783634266,35.4720627593609],[-119.208284546065,35.4720025972751],[-119.207785071107,35.4719446236675],[-119.207285223679,35.4718888395313],[-119.20678501806,35.4718352467605],[-119.20628446964,35.4717838463567],[-119.205783592697,35.4717346402141],[-119.205282400407,35.47168763022],[-119.204780907066,35.4716428164686],[-119.204279128045,35.4716002017628],[-119.20377707765,35.4715597852973],[-119.20327477014,35.4715215707682],[-119.20277221982,35.4714855573704],[-119.202269440976,35.4714517460998],[-119.201766448989,35.4714201388603],[-119.20126325594,35.4713907366328],[-119.200759879433,35.4713635395365],[-119.200256330436,35.4713385494455],[-119.199752626562,35.4713157655791],[-119.199248779893,35.4712951889193],[-119.199135449163,35.4712908664236],[-119.199022111785,35.4712866545154],[-119.198908766646,35.4712825540873],[-119.198795418157,35.4712785651698],[-119.198682063019,35.4712746868396],[-119.198568702342,35.4712709182042],[-119.198455334996,35.4712672619567],[-119.198341964345,35.4712637127183],[-119.198228587061,35.4712602722666],[-119.198115206453,35.4712569406244],[-119.198001821444,35.4712537150834],[-119.197888429829,35.4712505956281],[-119.197775036037,35.4712475804886],[-119.197661637872,35.4712446687492],[-119.197548235342,35.4712418595097],[-119.197434829569,35.471239150977],[-119.197321420571,35.4712365413507],[-119.197208007263,35.4712340288224],[-119.197094591841,35.4712316143076],[-119.196981172146,35.4712292932898],[-119.196867751485,35.4712270657917],[-119.196754326588,35.4712249281892],[-119.196640900763,35.4712228805053],[-119.196527471831,35.4712209200238],[-119.196414040914,35.4712190449518],[-119.196300606945,35.4712172516804],[-119.196187172131,35.4712155402249],[-119.196073734293,35.4712139078691],[-119.195960296767,35.4712123519351],[-119.195846856263,35.4712108705994],[-119.195733416109,35.4712094620842],[-119.195619973042,35.4712081218653],[-119.195506529259,35.4712068508581],[-119.195393085907,35.4712056445689],[-119.195279639689,35.4712045020744],[-119.195166192857,35.4712034188884],[-119.195052745418,35.4712023941107],[-119.194939297393,35.4712014259406],[-119.194825848827,35.4712005098767],[-119.194712399711,35.4711996468193],[-119.194598948998,35.471198831359],[-119.194485498913,35.4711980617104],[-119.194372048361,35.4711973369657],[-119.194258597371,35.4711966544239],[-119.194145145979,35.471196010484],[-119.194031693093,35.4711954042378],[-119.193918242048,35.4711948330076],[-119.193804789565,35.4711942940695],[-119.193691336755,35.4711937865308],[-119.193577884759,35.471193306798],[-119.193464431379,35.4711928539555],[-119.19335097885,35.4711924253178],[-119.193237524976,35.4711920199692],[-119.193124070897,35.4711916343162],[-119.193010618817,35.4711912683742],[-119.192897164346,35.4711909203119],[-119.192783711931,35.4711905865588],[-119.19267025717,35.4711902661839],[-119.192556804475,35.471189959218],[-119.192443350565,35.4711896629371],[-119.192329896562,35.4711893755482],[-119.192216442475,35.4711890961512],[-119.192102989399,35.471188825654],[-119.191989535182,35.4711885586395],[-119.191876082003,35.4711882978238],[-119.191762627676,35.4711880413912],[-119.191649174433,35.4711877866559],[-119.191535721153,35.4711875354111],[-119.191422266752,35.4711872858483],[-119.191308812352,35.4711870361747],[-119.191195359027,35.4711867890988],[-119.19108190461,35.4711865410041],[-119.190968451286,35.4711862937066],[-119.19085499687,35.4711860453903],[-119.169113504692,35.4711366572069],[-119.169000050393,35.4711363902438],[-119.168886597207,35.4711361222775],[-119.168773142929,35.4711358532922],[-119.168659688652,35.4711355841961],[-119.168546235478,35.4711353149971],[-119.168432782325,35.4711350438866],[-119.168319328098,35.4711347699566],[-119.168205873882,35.4711344950154],[-119.168092420818,35.4711342154699],[-119.167978967783,35.4711339331127],[-119.167865513705,35.471133645235],[-119.167752059705,35.4711333500442],[-119.167638605774,35.4711330484405],[-119.167525153034,35.4711327386313],[-119.167411699288,35.4711324197004],[-119.167298246773,35.4711320889629],[-119.1671847933,35.4711317446022],[-119.167071339965,35.4711313875267],[-119.166957885692,35.4711310150275],[-119.166844432717,35.4711306244196],[-119.166730979947,35.4711302147948],[-119.166617526298,35.4711297843445],[-119.166504073996,35.4711293312841],[-119.166390620864,35.4711288528967],[-119.166277169107,35.4711283491984],[-119.166163717682,35.4711278147793],[-119.166050265476,35.4711272505319],[-119.165936812527,35.4711266528551],[-119.165823361052,35.4711260208642],[-119.165709909996,35.4711253500501],[-119.16559645935,35.4711246413129],[-119.165483009172,35.471123889251],[-119.165369559472,35.471123092964],[-119.165256110279,35.4711222497511],[-119.1651426605,35.4711213587041],[-119.165029212391,35.4711204153372],[-119.164915763754,35.4711194187346],[-119.164802317929,35.4711183662189],[-119.164688872748,35.4711172541732],[-119.164575427109,35.4711160825897],[-119.164461982164,35.4711148469747],[-119.164348540137,35.4711135455436],[-119.164235098834,35.4711121773801],[-119.164121657201,35.471110737975],[-119.164008218555,35.4711092264517],[-119.163894780722,35.4711076400934],[-119.163781344823,35.4711059771077],[-119.163667910887,35.4711042347935],[-119.163554478936,35.4711024113504],[-119.163441048989,35.4711005049776],[-119.163327619981,35.4710985120663],[-119.16321419413,35.4710964317318],[-119.163100771444,35.471094263074],[-119.162987350861,35.4710920024838],[-119.162873933494,35.4710896490687],[-119.162760518269,35.4710872001201],[-119.162647107384,35.4710846565541],[-119.162533699792,35.471082012961],[-119.162420295487,35.4710792702411],[-119.162306894487,35.471076426594],[-119.162193497905,35.4710734811271],[-119.162080104659,35.471070432032],[-119.161966715881,35.4710672766158],[-119.161853332665,35.4710640157868],[-119.161739951713,35.4710606486207],[-119.161626578558,35.4710571733569],[-119.161513207707,35.471053588155],[-119.161399844654,35.4710498948553],[-119.161286486121,35.4710460907331],[-119.161173133212,35.4710421757965],[-119.161059785926,35.4710381500454],[-119.160946444284,35.4710340116792],[-119.16083310936,35.4710297634068],[-119.160719780091,35.4710254016192],[-119.160243185639,35.4710058330824],[-119.15976671991,35.4709842836254],[-119.15929039396,35.4709607542297],[-119.158814219947,35.4709352458853],[-119.158338210031,35.4709077595818],[-119.157862378576,35.4708782963257],[-119.157386735555,35.4708468552905],[-119.156911293118,35.4708134383673],[-119.156436065637,35.4707780456625],[-119.155961064161,35.4707406790591],[-119.155486301949,35.4707013395565],[-119.155011788964,35.4706600272295],[-119.154537539562,35.470616743986],[-119.154063564796,35.4705714908098],[-119.153589877928,35.4705242687006],[-119.153116490014,35.4704750786425],[-119.152643414315,35.4704239216359],[-119.152170662977,35.4703707995734],[-119.151698248151,35.470315714348],[-119.151226180889,35.4702586669444],[-119.150754474462,35.4701996574635],[-119.150283140999,35.4701386895993],[-119.149812192666,35.4700757634448],[-119.1493416416,35.4700108817943],[-119.14887149996,35.4699440456414],[-119.148401779901,35.4698752559802],[-119.147932492457,35.4698045155972],[-119.147463650879,35.469731826395],[-119.146995268426,35.4696571893764],[-119.146527355017,35.4695806082206],[-119.14605992283,35.4695020821219],[-119.145592986186,35.4694216156926],[-119.145126555035,35.4693392099119],[-119.144660641523,35.4692548666753],[-119.144195258889,35.4691685887872],[-119.143730418174,35.4690803781354],[-119.143266131524,35.4689902366161],[-119.142802411074,35.4688981670261],[-119.142339268958,35.4688041721622],[-119.141876717321,35.4687082539211],[-119.141414767205,35.4686104141916],[-119.140953430734,35.4685106566714],[-119.140492721154,35.4684089832659],[-119.140032648384,35.4683053976568],[-119.139573226782,35.4681999008577],[-119.139114465174,35.4680924956423],[-119.138656377878,35.4679831866256],[-119.13819897484,35.4678719747891],[-119.137742270391,35.4677588638481],[-119.137286273352,35.4676438565769],[-119.136830998062,35.4675269557905],[-119.136376454437,35.4674081651721],[-119.135922654609,35.4672874875209],[-119.135469610719,35.467164924736],[-119.135017334878,35.4670404814175],[-119.134565838113,35.466914160357],[-119.134115131443,35.4667859652464],[-119.133665228111,35.4666558979938],[-119.13321613802,35.4665239631833],[-119.132767874394,35.4663901645241],[-119.132320447156,35.4662545048],[-119.131873869538,35.4661169868201],[-119.131428151443,35.4659776151692],[-119.130983304989,35.4658363935487],[-119.130539343409,35.4656933247679],[-119.1300962755,35.465548413404],[-119.129654113382,35.4654016631587],[-119.12921286918,35.4652530768335],[-119.128772553899,35.4651026590226],[-119.128333179657,35.4649504134281],[-119.127894756363,35.4647963437359],[-119.127457297226,35.4646404545569],[-119.127020811054,35.464482749569],[-119.126585311055,35.4643232333834],[-119.126150807148,35.4641619087862],[-119.125717312531,35.4639987812893],[-119.12528483602,35.4638338536708],[-119.124853390811,35.4636671314427],[-119.124422986803,35.4634986191924],[-119.123993635016,35.4633283197147],[-119.12356534643,35.4631562394059],[-119.123138134271,35.462982381078],[-119.122712006229,35.4628067493018],[-119.1222869755,35.4626293495906],[-119.121863053092,35.4624501856401],[-119.121440248901,35.4622692620384],[-119.121018573905,35.4620865851824],[-119.120598039131,35.4619021569681],[-119.120178656649,35.4617159847012],[-119.119760435261,35.4615280720615],[-119.119343388169,35.4613384236628],[-119.118927523061,35.461147044077],[-119.11851285422,35.460953939727],[-119.118099389344,35.4607591142845],[-119.117687139418,35.4605625732475],[-119.117276117631,35.4603643221303],[-119.11686633167,35.4601643655054],[-119.116457793621,35.4599627088793],[-119.116050513375,35.4597593568414],[-119.115644501915,35.4595543148899],[-119.115239770224,35.4593475885232],[-119.114836327088,35.4591391823226],[-119.11443418457,35.4589291035956],[-119.114033351469,35.4587173560235],[-119.113633839867,35.4585039451133],[-119.113235658529,35.4582888772475],[-119.112838819548,35.4580721570331],[-119.112443330575,35.4578537917443],[-119.112049203713,35.4576337850882],[-119.111656448828,35.4574121434558],[-119.111265075796,35.4571888723379],[-119.110875095583,35.4569639781343],[-119.110486515861,35.4567374663191],[-119.110099349811,35.4565093424087],[-119.109713605092,35.4562796127778],[-119.10932929267,35.4560482838263],[-119.108946421326,35.4558153601368],[-119.108565002025,35.4555808481094],[-119.108185044619,35.4553447550364],[-119.107806558991,35.4551070855089],[-119.107429553888,35.4548678468107],[-119.107054040286,35.454627044442],[-119.106680026951,35.454384683886],[-119.106307523723,35.4541407733355],[-119.105936540482,35.4538953173821],[-119.105567087078,35.4536483233184],[-119.105199172277,35.4533997966278],[-119.104832805916,35.4531497455034],[-119.104745929364,35.4530900704082],[-119.10465914214,35.4530303112977],[-119.104572443172,35.4529704654627],[-119.104485831338,35.4529105346955],[-119.104399308831,35.4528505199137],[-119.104312872365,35.4527904192912],[-119.104226525217,35.4527302355547],[-119.104140262987,35.45266996777],[-119.104054088961,35.4526096177635],[-119.103968000935,35.4525491855183],[-119.103881996692,35.4524886719178],[-119.103796077316,35.4524280787714],[-119.103710242815,35.4523674051789],[-119.103624490964,35.452306652924],[-119.103538821733,35.4522458247079],[-119.103453232935,35.4521849187131],[-119.103367724531,35.4521239385409],[-119.103282293211,35.452062884166],[-119.103196942263,35.4520017574147],[-119.103111666174,35.4519405582445],[-119.103026466015,35.4518792893649],[-119.102941338457,35.4518179525514],[-119.10285628349,35.4517565487042],[-119.102771298888,35.451695079607],[-119.102686385743,35.4516335461689],[-119.102601538521,35.4515719501479],[-119.102516756088,35.4515102942367],[-119.102432040649,35.4514485784522],[-119.102347385557,35.4513868054445],[-119.10226279412,35.4513249752392],[-119.10217825966,35.4512630931872],[-119.102093782187,35.4512011583881],[-119.102009360577,35.4511391726343],[-119.101924993707,35.4510771377178],[-119.101840677135,35.4510150563056],[-119.101756410851,35.4509529292981],[-119.101672192618,35.4508907593792],[-119.101588019117,35.4508285474237],[-119.101503891431,35.4507662952409],[-119.101419805106,35.4507040063978],[-119.101335759052,35.4506416799858],[-119.101251751009,35.4505793204894],[-119.101167779887,35.4505169269997],[-119.101083843448,35.4504545022007],[-119.100999939445,35.4503920496766],[-119.100916066797,35.4503295676182],[-119.100832222154,35.4502670596014],[-119.100748404382,35.4502045283184],[-119.100664614583,35.4501419737779],[-119.10058084611,35.4500793986295],[-119.100497100067,35.4500168028819],[-119.100413375318,35.4499541892274],[-119.100329668545,35.4498915585408],[-119.100245979729,35.4498289126226],[-119.100162307755,35.4497662523648],[-119.100078648191,35.4497035795337],[-119.099995002131,35.4496408950382],[-119.099911367359,35.4495781997615],[-119.099827743842,35.4495154964046],[-119.099744129387,35.4494527840501],[-119.099660522859,35.4493900653902],[-119.099576923166,35.4493273395163],[-119.099493330287,35.4492646082289],[-119.099409741986,35.4492018742119],[-119.099326157191,35.4491391347557],[-119.099242576973,35.4490763925699],[-119.099158998025,35.4490136476287],[-119.099075423633,35.4489509017585],[-119.098991848295,35.4488881540162],[-119.098908275308,35.4488254053278],[-119.09882470357,35.4487626556847],[-119.098741131968,35.4486999059786],[-119.0986575605,35.4486371562095],[-119.098573989169,35.4485744063774],[-119.079393624751,35.4341686059988],[-119.079282347218,35.434085005394],[-119.079171069937,35.4340014037774],[-119.079059794009,35.4339178011574],[-119.07894852165,35.4338341966514],[-119.078837252892,35.4337505875585],[-119.07872598994,35.4336669738961],[-119.078614737257,35.4335833511977],[-119.07850349708,35.4334997167799],[-119.078392272738,35.4334160688684],[-119.078281068694,35.4333324029969],[-119.078169889389,35.4332487164992],[-119.078058738207,35.4331650030997],[-119.077947620679,35.4330812610416],[-119.077836541282,35.4329974849582],[-119.077725504466,35.4329136712834],[-119.077614515819,35.4328298137588],[-119.077503581987,35.4327459097364],[-119.077392705241,35.4326619538319],[-119.077281891133,35.4325779424882],[-119.077171146334,35.4324938712563],[-119.077060473101,35.4324097356524],[-119.076949876967,35.43232553392],[-119.076839361304,35.4322412606837],[-119.076728930555,35.4321569132779],[-119.076618586966,35.4320724881191],[-119.076508333845,35.4319879852339],[-119.076398173439,35.4319034010388],[-119.076288107954,35.4318187355516],[-119.076178139638,35.4317339851889],[-119.076068266285,35.4316491499334],[-119.075517904718,35.431221790398],[-119.074970018655,35.4307923169489],[-119.07442462024,35.4303607391367],[-119.073881721563,35.4299270665587],[-119.073341334656,35.4294913088583],[-119.072803471496,35.4290534757256],[-119.072268144003,35.4286135768963],[-119.071735364039,35.428171622152],[-119.071205143409,35.4277276213199],[-119.070677493862,35.4272815842724],[-119.070152427087,35.4268335209272],[-119.069629954717,35.4263834412469],[-119.069110088324,35.4259313552384],[-119.068592839425,35.4254772729536],[-119.068078219476,35.4250212044882],[-119.067566239873,35.4245631599819],[-119.067464603427,35.4244717138015],[-119.067363071799,35.4243801882307],[-119.067261643845,35.4242885868623],[-119.06716031737,35.4241969087786],[-119.067059093444,35.4241051566895],[-119.066957966534,35.4240133323517],[-119.066856935516,35.4239214375572],[-119.066755997051,35.4238294749804],[-119.066655144491,35.4237374472695],[-119.066554378887,35.423645358935],[-119.066453690272,35.4235532134987],[-119.066353076443,35.4234610109429],[-119.066252533985,35.4233687602445],[-119.066152052977,35.4232764613236],[-119.066051632241,35.423184120474],[-119.065951262915,35.4230917412258],[-119.065850942751,35.4229993271628],[-119.06575066399,35.4229068818244],[-119.065650422147,35.4228144114771],[-119.065550212802,35.4227219169861],[-119.065450030378,35.4226294037087],[-119.065349868241,35.4225368733926],[-119.06524972412,35.4224443314218],[-119.065149594699,35.4223517786701],[-119.065049475524,35.4222592187032],[-119.064949364358,35.4221666542045],[-119.064849256792,35.4220740851382],[-119.064749153886,35.4219815151146],[-119.06464905123,35.4218889440983],[-119.064548948825,35.4217963720891],[-119.059940914812,35.4175346594834],[-119.059860033498,35.4174598506415],[-119.059779151226,35.4173850426305],[-119.059698268009,35.4173102345503],[-119.059617384949,35.4172354264096],[-119.059536499818,35.4171606199913],[-119.059455611493,35.4170858170871],[-119.059374718883,35.4170110167877],[-119.059293818659,35.4169362208669],[-119.059212911914,35.4168614302339],[-119.059131993091,35.4167866484454],[-119.059051063293,35.4167118755103],[-119.05897011809,35.4166371131933],[-119.058889155245,35.4165623641776],[-119.05880817144,35.4164876293366],[-119.058727164427,35.4164129122537],[-119.058646129775,35.4163382146938],[-119.05856506635,35.4162635393486],[-119.058483966404,35.4161888888566],[-119.058402832119,35.4161142650363],[-119.058321656849,35.4160396705347],[-119.058240437245,35.4159651089263],[-119.058159167772,35.415890581967],[-119.058077849491,35.4158160932668],[-119.057996474664,35.4157416445635],[-119.057915041043,35.4156672394407],[-119.057833545299,35.4155928796717],[-119.057751982981,35.4155185688221],[-119.057670351861,35.4154443086744],[-119.057588647488,35.415370102794],[-119.057506867636,35.4152959529634],[-119.057425007874,35.4152218609474],[-119.057343065953,35.4151478303291],[-119.057261040751,35.4150738629],[-119.057178926723,35.4149999613162],[-119.057096722768,35.4149261255685],[-119.057014427739,35.4148523592491],[-119.056932038319,35.4147786632312],[-119.056849553395,35.414705038406],[-119.05676697073,35.4146314874564],[-119.056684289221,35.4145580103731],[-119.056601507735,35.4144846098481],[-119.056518626292,35.4144112840804],[-119.056435643747,35.4143380366621],[-119.056352559031,35.4142648648832],[-119.055816069939,35.413796353978],[-119.055275411022,35.4133310551336],[-119.054730611152,35.4128689931375],[-119.054181699421,35.4124101926039],[-119.053628705139,35.4119546779731],[-119.053071657831,35.4115024735098],[-119.052510587236,35.4110536033023],[-119.051945523308,35.4106080912605],[-119.051376496209,35.4101659611153],[-119.050803536312,35.4097272364169],[-119.050226674198,35.4092919405339],[-119.049645940654,35.4088600966518],[-119.049061366672,35.4084317277718],[-119.048472983447,35.4080068567098],[-119.047880822374,35.4075855060949],[-119.047284915049,35.4071676983686],[-119.047191898694,35.4071030378178],[-119.047098794359,35.4070384638057],[-119.047005599852,35.4069739754137],[-119.046912317366,35.40690957356],[-119.046818948025,35.4068452564528],[-119.04672549184,35.4067810231916],[-119.046631951036,35.4067168719936],[-119.046538326705,35.4066528037681],[-119.046444621095,35.4065888149316],[-119.04635083532,35.4065249045927],[-119.046256972706,35.4064610709778],[-119.046163034379,35.4063973122951],[-119.046069022586,35.4063336249612],[-119.045974940634,35.4062700090032],[-119.045880790804,35.4062064581368],[-119.045786575289,35.4061429732802],[-119.045692298541,35.4060795508683],[-119.045597961707,35.4060161873087],[-119.045503569239,35.4059528790363],[-119.045409123363,35.4058896242683],[-119.045314628521,35.40582642034],[-119.045220084767,35.4057632627497],[-119.045125499827,35.4057001506603],[-119.045030871575,35.4056370777515],[-119.044936208848,35.405574042295],[-119.044841509466,35.4055110424719],[-119.044746780105,35.4054480729347],[-119.044652021869,35.4053851336923],[-119.044557239244,35.4053222184788],[-119.04446243333,35.4052593273032],[-119.044367607479,35.4051964565913],[-119.04427276395,35.4051336018596],[-119.044177906037,35.4050707640356],[-119.044083036002,35.4050079386359],[-119.043988153875,35.4049451229595],[-119.043893264067,35.4048823170426],[-119.043798367723,35.404819517293],[-119.043703465944,35.4047567237198],[-119.043608560958,35.4046939345406],[-119.043513652798,35.4046311470542],[-119.043418742565,35.4045683612698],[-119.043323831374,35.4045055762962],[-119.043228920324,35.4044427921424],[-119.043134009418,35.4043800088084],[-119.031231201754,35.3965048928316],[-119.019330671878,35.3886286015692],[-119.019257177671,35.3885799506189],[-119.019183682432,35.3885313014117],[-119.019110188409,35.3884826503648],[-119.019036693355,35.388434001061],[-119.018963198392,35.3883853517089],[-119.018889702398,35.3883367040999],[-119.018816204269,35.3882880582246],[-119.018742705131,35.3882394122917],[-119.018669202723,35.3881907707842],[-119.018595697056,35.3881421328018],[-119.018522188131,35.3880934983444],[-119.018448672619,35.3880448691848],[-119.018375152724,35.3879962453416],[-119.018301625117,35.3879476285874],[-119.018228089777,35.387899020723],[-119.018154546703,35.3878504217482],[-119.018080992577,35.3878018325356],[-119.018007426265,35.3877532557766],[-119.017933847755,35.3877046923716],[-119.017860255945,35.3876561423113],[-119.017786647496,35.3876076082687],[-119.017713021282,35.387559092035],[-119.017639378395,35.3875105945198],[-119.017565714393,35.3874621183869],[-119.017492028163,35.3874136645272],[-119.017418318592,35.3873652338316],[-119.017344583441,35.3873168289824],[-119.017270821587,35.387268451771],[-119.017197031905,35.3872201039885],[-119.017123211066,35.3871717874077],[-119.017049357946,35.3871235038198],[-119.016975472522,35.3870752550253],[-119.016901549252,35.3870270436786],[-119.016827588123,35.3869788706799],[-119.016753588,35.3869307387207],[-119.016679546656,35.3868826495831],[-119.016605461865,35.3868346050489],[-119.016531333603,35.3867866069187],[-119.016457156329,35.3867386578468],[-119.016382932234,35.386690758752],[-119.016308655775,35.3866429122885],[-119.01623432803,35.3865951202663],[-119.016159946763,35.3865473853675],[-119.016085509757,35.3864997084738],[-119.016011014787,35.386452091367],[-119.015936461818,35.3864045367479],[-119.015861847534,35.3863570454889],[-119.015787170809,35.386309619381],[-119.015712430509,35.3862622611158],[-119.015637625518,35.3862149715842],[-119.015562753612,35.386167752568],[-119.015487814767,35.3861206058678],[-119.015412806757,35.3860735332654],[-119.015337728468,35.3860265356517],[-119.015262577663,35.3859796157088],[-119.015187355454,35.3859327725457],[-119.015112058491,35.3858860097353],[-119.015036686774,35.3858393272777],[-119.014961240279,35.3857927269734],[-119.014885717904,35.3857462088127],[-119.014810118503,35.3856997763877],[-119.014734439894,35.3856534278787],[-119.014658684258,35.3856071651051],[-119.014582849369,35.3855609898485],[-119.014506934135,35.3855149011992],[-119.014430941828,35.3854689018861],[-119.014354866963,35.3854229900616],[-119.01427871391,35.3853771684639],[-119.014202479377,35.3853314361646],[-119.014126165567,35.3852857931821],[-119.014049770253,35.3852402412983],[-119.01355973438,35.384951303718],[-119.013066468385,35.3846660777837],[-119.012570016001,35.3843845872405],[-119.012070416542,35.3841068566964],[-119.011567714853,35.3838329090063],[-119.011061952468,35.3835627669972],[-119.010553173103,35.3832964553161],[-119.010041418312,35.3830339949907],[-119.009526734031,35.3827754088871],[-119.009009162902,35.3825207189434],[-119.008488747563,35.3822699470985],[-119.00796553398,35.3820231135193],[-119.007439566979,35.3817802410647],[-119.006910889228,35.3815413489744],[-119.006379547787,35.3813064574264],[-119.005845585296,35.3810755874619],[-119.005309049939,35.3808487574693],[-119.004769985475,35.3806259866999],[-119.004228437857,35.3804072953248],[-119.003684454159,35.3801927017249],[-119.003138079273,35.3799822224619],[-119.002589360247,35.3797758777186],[-119.002038343083,35.3795736831673],[-119.001485075962,35.3793756563007],[-119.000929604859,35.3791818145932],[-119.000371976861,35.3789921746294],[-118.999812239066,35.3788067520937],[-118.999250440784,35.3786255617905],[-118.998686627983,35.3784486211973],[-118.998120848893,35.3782759433097],[-118.997553151706,35.378107543825],[-118.996983584625,35.3779434375412],[-118.996894282046,35.3779181446374],[-118.996804935199,35.3778929566322],[-118.996715544072,35.3778678744256],[-118.996626109777,35.3778428971269],[-118.996536631202,35.3778180256267],[-118.996447110584,35.377793257243],[-118.996357546798,35.3777685937669],[-118.996267939867,35.3777440333975],[-118.996178293107,35.3777195752631],[-118.996088603224,35.3776952184347],[-118.995998873512,35.3776709638409],[-118.995909102915,35.377646807871],[-118.995819292511,35.377622752335],[-118.995729445663,35.3775987927599],[-118.995639557952,35.3775749300075],[-118.995549633808,35.3775511623154],[-118.995459673255,35.3775274878829],[-118.995369676303,35.3775039058094],[-118.9952796441,35.3774804125032],[-118.995189577725,35.3774570097743],[-118.995099478337,35.3774336931306],[-118.995009345948,35.3774104616716],[-118.994919181681,35.3773873136062],[-118.994828985573,35.3773642462332],[-118.994738759837,35.3773412586714],[-118.994648505622,35.3773183473288],[-118.994558221826,35.3772955121959],[-118.994467910699,35.3772727496904],[-118.994377574477,35.3772500571303],[-118.994287210971,35.3772274335961],[-118.994196823519,35.3772048764154],[-118.994106412157,35.3771823828871],[-118.99401597911,35.3771599512296],[-118.993925523312,35.3771375787324],[-118.993835047001,35.3771152627134],[-118.993744549087,35.3770930022627],[-118.993654034034,35.3770707929168],[-118.99356349964,35.3770486346566],[-118.993472948165,35.3770265229995],[-118.993382380724,35.3770044570547],[-118.993291797362,35.3769824332207],[-118.993201199192,35.3769604506068],[-118.99311058734,35.3769385074217],[-118.993019962978,35.3769165982732],[-118.992929324991,35.3768947240518],[-118.992838676731,35.3768728811848],[-118.992748018222,35.3768510678718],[-118.992657349487,35.3768292823118],[-118.992566671662,35.3768075218135],[-118.992475986963,35.3767857854956],[-118.992385292131,35.3767640697281],[-118.992294591596,35.3767423727485],[-118.992203885358,35.3767206945569],[-118.99211317235,35.3766990324426],[-118.992022453686,35.3766773855149],[-118.991931731628,35.3766557492912],[-118.991841005038,35.3766341264629],[-118.991750276178,35.3766125125475],[-118.991659542845,35.3765909075259],[-118.991568808368,35.3765693096262],[-118.991478069453,35.376547717919],[-118.991387330518,35.3765261315427],[-118.991296589372,35.3765045495775],[-118.99120584714,35.3764829702324],[-118.991115106036,35.3764613926263],[-118.991024361631,35.3764398185214],[-118.990933617266,35.3764182452455],[-118.99084287295,35.3763966718983],[-118.990752128674,35.3763750993801],[-118.990661385537,35.3763535277005],[-118.990570641362,35.3763319550397],[-118.97825914524,35.3734044673081],[-118.978012188222,35.3733457295228],[-118.977765230454,35.3732869930003],[-118.977518270798,35.3732282604317],[-118.977271306943,35.3731695399007],[-118.977024338807,35.3731108377095],[-118.976777359662,35.3730521628033],[-118.976530366035,35.3729935277574],[-118.976283355581,35.3729349433564],[-118.976036322614,35.3728764230568],[-118.975789263696,35.3728179767327],[-118.97554217428,35.3727596151492],[-118.975295052005,35.372701349991],[-118.975047892382,35.3726431875214],[-118.974800696428,35.3725851340522],[-118.974553460777,35.3725271940556],[-118.972641160771,35.3720832220116],[-118.970726511747,35.3716460975809],[-118.97047863233,35.3715900439285],[-118.970230713188,35.371534104645],[-118.969982757696,35.3714782743574],[-118.969734767013,35.3714225485735],[-118.969486745677,35.3713669174287],[-118.969238694909,35.3713113719291],[-118.968990620346,35.3712559022199],[-118.968742524371,35.3712004948153],[-118.968494411521,35.3711451398509],[-118.96824628528,35.3710898238506],[-118.967998150197,35.3710345360498],[-118.96775000971,35.3709792665739],[-118.967501865014,35.3709240082301],[-118.967253718385,35.3708687556359],[-118.96700557211,35.3708135025087],[-118.963182096684,35.3699620892138],[-118.962949464832,35.3699102823461],[-118.962716833303,35.3698584741095],[-118.96248420436,35.3698066600221],[-118.962251578063,35.3697548355821],[-118.962018958904,35.3697029945267],[-118.961786347015,35.3696511269521],[-118.961553748012,35.3695992248048],[-118.961321164267,35.3695472754997],[-118.96108859923,35.3694952682625],[-118.960856058542,35.3694431932389],[-118.960623543462,35.3693910387346],[-118.960391059631,35.3693387948953],[-118.960158608247,35.3692864545284],[-118.959926191647,35.3692340077502],[-118.959693812071,35.3691814518795],[-118.959461470683,35.3691287824248],[-118.958506532742,35.3689110141072],[-118.957552260239,35.3686913132726],[-118.956598659044,35.3684696812732],[-118.955645735025,35.3682461194728],[-118.955414082509,35.3681914562383],[-118.955182471477,35.3681366812543],[-118.954950899704,35.3680817963018],[-118.954719363813,35.3680268067533],[-118.954487863683,35.3679717216123],[-118.954256393747,35.3679165453311],[-118.954024953824,35.367861291415],[-118.953793537171,35.3678059697082],[-118.953562141453,35.3677505900947],[-118.953330762107,35.3676951642392],[-118.953099395669,35.3676397038163],[-118.952868038727,35.3675842168995],[-118.952636687855,35.3675287124622],[-118.952405340753,35.3674731976873],[-118.952173996221,35.3674176797676],[-118.951942650968,35.3673621577729],[-118.950118117886,35.3669242660678]]}}]}
